Date,Validator Index,Price [USD/ETH],Consensus Layer Income [ETH],Execution Layer Income [ETH],Income
,,,,,=((D2 + E2) * C2)
,,,,,=((D3 + E3) * C3)
,,,,,=((D4 + E4) * C4)
,,,,,=((D5 + E5) * C5)
,,,,,=((D6 + E6) * C6)
,,,,,=((D7 + E7) * C7)
,,,,,=((D8 + E8) * C8)
,,,,,=((D9 + E9) * C9)
,,,,,=((D10 + E10) * C10)
,,,,,=((D11 + E11) * C11)
,,,,,=((D12 + E12) * C12)
,,,,,=((D13 + E13) * C13)
,,,,,=((D14 + E14) * C14)
,,,,,=((D15 + E15) * C15)
,,,,,=((D16 + E16) * C16)
,,,,,=((D17 + E17) * C17)
,,,,,=((D18 + E18) * C18)
,,,,,=((D19 + E19) * C19)
,,,,,=((D20 + E20) * C20)
,,,,,=((D21 + E21) * C21)
,,,,,=((D22 + E22) * C22)
,,,,,=((D23 + E23) * C23)
,,,,,=((D24 + E24) * C24)
,,,,,=((D25 + E25) * C25)
,,,,,=((D26 + E26) * C26)
,,,,,=((D27 + E27) * C27)
,,,,,=((D28 + E28) * C28)
,,,,,=((D29 + E29) * C29)
,,,,,=((D30 + E30) * C30)
,,,,,=((D31 + E31) * C31)
,,,,,=((D32 + E32) * C32)
,,,,,=((D33 + E33) * C33)
,,,,,=((D34 + E34) * C34)
,,,,,=((D35 + E35) * C35)
,,,,,=((D36 + E36) * C36)
,,,,,=((D37 + E37) * C37)
,,,,,=((D38 + E38) * C38)
,,,,,=((D39 + E39) * C39)
,,,,,=((D40 + E40) * C40)
,,,,,=((D41 + E41) * C41)
,,,,,=((D42 + E42) * C42)
,,,,,=((D43 + E43) * C43)
,,,,,=((D44 + E44) * C44)
,,,,,=((D45 + E45) * C45)
,,,,,=((D46 + E46) * C46)
,,,,,=((D47 + E47) * C47)
,,,,,=((D48 + E48) * C48)
,,,,,=((D49 + E49) * C49)
,,,,,=((D50 + E50) * C50)
,,,,,=((D51 + E51) * C51)
,,,,,=((D52 + E52) * C52)
,,,,,=((D53 + E53) * C53)
,,,,,=((D54 + E54) * C54)
,,,,,=((D55 + E55) * C55)
,,,,,=((D56 + E56) * C56)
,,,,,=((D57 + E57) * C57)
,,,,,=((D58 + E58) * C58)
,,,,,=((D59 + E59) * C59)
,,,,,=((D60 + E60) * C60)
,,,,,=((D61 + E61) * C61)
,,,,,=((D62 + E62) * C62)
,,,,,=((D63 + E63) * C63)
,,,,,=((D64 + E64) * C64)
,,,,,=((D65 + E65) * C65)
,,,,,=((D66 + E66) * C66)
,,,,,=((D67 + E67) * C67)
,,,,,=((D68 + E68) * C68)
,,,,,=((D69 + E69) * C69)
,,,,,=((D70 + E70) * C70)
,,,,,=((D71 + E71) * C71)
,,,,,=((D72 + E72) * C72)
,,,,,=((D73 + E73) * C73)
,,,,,=((D74 + E74) * C74)
,,,,,=((D75 + E75) * C75)
,,,,,=((D76 + E76) * C76)
,,,,,=((D77 + E77) * C77)
,,,,,=((D78 + E78) * C78)
,,,,,=((D79 + E79) * C79)
,,,,,=((D80 + E80) * C80)
,,,,,=((D81 + E81) * C81)
,,,,,=((D82 + E82) * C82)
,,,,,=((D83 + E83) * C83)
,,,,,=((D84 + E84) * C84)
,,,,,=((D85 + E85) * C85)
,,,,,=((D86 + E86) * C86)
,,,,,=((D87 + E87) * C87)
,,,,,=((D88 + E88) * C88)
,,,,,=((D89 + E89) * C89)
,,,,,=((D90 + E90) * C90)
,,,,,=((D91 + E91) * C91)
,,,,,=((D92 + E92) * C92)
,,,,,=((D93 + E93) * C93)
,,,,,=((D94 + E94) * C94)
,,,,,=((D95 + E95) * C95)
,,,,,=((D96 + E96) * C96)
,,,,,=((D97 + E97) * C97)
,,,,,=((D98 + E98) * C98)
,,,,,=((D99 + E99) * C99)
,,,,,=((D100 + E100) * C100)
,,,,,=((D101 + E101) * C101)
,,,,,=((D102 + E102) * C102)
,,,,,=((D103 + E103) * C103)
,,,,,=((D104 + E104) * C104)
,,,,,=((D105 + E105) * C105)
,,,,,=((D106 + E106) * C106)
,,,,,=((D107 + E107) * C107)
,,,,,=((D108 + E108) * C108)
,,,,,=((D109 + E109) * C109)
,,,,,=((D110 + E110) * C110)
,,,,,=((D111 + E111) * C111)
,,,,,=((D112 + E112) * C112)
,,,,,=((D113 + E113) * C113)
,,,,,=((D114 + E114) * C114)
,,,,,=((D115 + E115) * C115)
,,,,,=((D116 + E116) * C116)
,,,,,=((D117 + E117) * C117)
,,,,,=((D118 + E118) * C118)
,,,,,=((D119 + E119) * C119)
,,,,,=((D120 + E120) * C120)
,,,,,=((D121 + E121) * C121)
,,,,,=((D122 + E122) * C122)
,,,,,=((D123 + E123) * C123)
,,,,,=((D124 + E124) * C124)
,,,,,=((D125 + E125) * C125)
,,,,,=((D126 + E126) * C126)
,,,,,=((D127 + E127) * C127)
,,,,,=((D128 + E128) * C128)
,,,,,=((D129 + E129) * C129)
,,,,,=((D130 + E130) * C130)
,,,,,=((D131 + E131) * C131)
,,,,,=((D132 + E132) * C132)
,,,,,=((D133 + E133) * C133)
,,,,,=((D134 + E134) * C134)
,,,,,=((D135 + E135) * C135)
,,,,,=((D136 + E136) * C136)
,,,,,=((D137 + E137) * C137)
,,,,,=((D138 + E138) * C138)
,,,,,=((D139 + E139) * C139)
,,,,,=((D140 + E140) * C140)
,,,,,=((D141 + E141) * C141)
,,,,,=((D142 + E142) * C142)
,,,,,=((D143 + E143) * C143)
,,,,,=((D144 + E144) * C144)
,,,,,=((D145 + E145) * C145)
,,,,,=((D146 + E146) * C146)
,,,,,=((D147 + E147) * C147)
,,,,,=((D148 + E148) * C148)
,,,,,=((D149 + E149) * C149)
,,,,,=((D150 + E150) * C150)
,,,,,=((D151 + E151) * C151)
,,,,,=((D152 + E152) * C152)
,,,,,=((D153 + E153) * C153)
,,,,,=((D154 + E154) * C154)
,,,,,=((D155 + E155) * C155)
,,,,,=((D156 + E156) * C156)
,,,,,=((D157 + E157) * C157)
,,,,,=((D158 + E158) * C158)
,,,,,=((D159 + E159) * C159)
,,,,,=((D160 + E160) * C160)
,,,,,=((D161 + E161) * C161)
,,,,,=((D162 + E162) * C162)
,,,,,=((D163 + E163) * C163)
,,,,,=((D164 + E164) * C164)
,,,,,=((D165 + E165) * C165)
,,,,,=((D166 + E166) * C166)
,,,,,=((D167 + E167) * C167)
,,,,,=((D168 + E168) * C168)
,,,,,=((D169 + E169) * C169)
,,,,,=((D170 + E170) * C170)
,,,,,=((D171 + E171) * C171)
,,,,,=((D172 + E172) * C172)
,,,,,=((D173 + E173) * C173)
,,,,,=((D174 + E174) * C174)
,,,,,=((D175 + E175) * C175)
,,,,,=((D176 + E176) * C176)
,,,,,=((D177 + E177) * C177)
,,,,,=((D178 + E178) * C178)
,,,,,=((D179 + E179) * C179)
,,,,,=((D180 + E180) * C180)
,,,,,=((D181 + E181) * C181)
,,,,,=((D182 + E182) * C182)
,,,,,=((D183 + E183) * C183)
,,,,,=((D184 + E184) * C184)
,,,,,=((D185 + E185) * C185)
,,,,,=((D186 + E186) * C186)
,,,,,=((D187 + E187) * C187)
,,,,,=((D188 + E188) * C188)
,,,,,=((D189 + E189) * C189)
,,,,,=((D190 + E190) * C190)
,,,,,=((D191 + E191) * C191)
,,,,,=((D192 + E192) * C192)
,,,,,=((D193 + E193) * C193)
,,,,,=((D194 + E194) * C194)
,,,,,=((D195 + E195) * C195)
,,,,,=((D196 + E196) * C196)
,,,,,=((D197 + E197) * C197)
,,,,,=((D198 + E198) * C198)
,,,,,=((D199 + E199) * C199)
,,,,,=((D200 + E200) * C200)
,,,,,=((D201 + E201) * C201)
,,,,,=((D202 + E202) * C202)
,,,,,=((D203 + E203) * C203)
,,,,,=((D204 + E204) * C204)
,,,,,=((D205 + E205) * C205)
,,,,,=((D206 + E206) * C206)
,,,,,=((D207 + E207) * C207)
,,,,,=((D208 + E208) * C208)
,,,,,=((D209 + E209) * C209)
,,,,,=((D210 + E210) * C210)
,,,,,=((D211 + E211) * C211)
,,,,,=((D212 + E212) * C212)
,,,,,=((D213 + E213) * C213)
,,,,,=((D214 + E214) * C214)
,,,,,=((D215 + E215) * C215)
,,,,,=((D216 + E216) * C216)
,,,,,=((D217 + E217) * C217)
,,,,,=((D218 + E218) * C218)
,,,,,=((D219 + E219) * C219)
,,,,,=((D220 + E220) * C220)
,,,,,=((D221 + E221) * C221)
,,,,,=((D222 + E222) * C222)
,,,,,=((D223 + E223) * C223)
,,,,,=((D224 + E224) * C224)
,,,,,=((D225 + E225) * C225)
,,,,,=((D226 + E226) * C226)
,,,,,=((D227 + E227) * C227)
,,,,,=((D228 + E228) * C228)
,,,,,=((D229 + E229) * C229)
,,,,,=((D230 + E230) * C230)
,,,,,=((D231 + E231) * C231)
,,,,,=((D232 + E232) * C232)
,,,,,=((D233 + E233) * C233)
,,,,,=((D234 + E234) * C234)
,,,,,=((D235 + E235) * C235)
,,,,,=((D236 + E236) * C236)
,,,,,=((D237 + E237) * C237)
,,,,,=((D238 + E238) * C238)
,,,,,=((D239 + E239) * C239)
,,,,,=((D240 + E240) * C240)
,,,,,=((D241 + E241) * C241)
,,,,,=((D242 + E242) * C242)
,,,,,=((D243 + E243) * C243)
,,,,,=((D244 + E244) * C244)
,,,,,=((D245 + E245) * C245)
,,,,,=((D246 + E246) * C246)
,,,,,=((D247 + E247) * C247)
,,,,,=((D248 + E248) * C248)
,,,,,=((D249 + E249) * C249)
,,,,,=((D250 + E250) * C250)
,,,,,=((D251 + E251) * C251)
,,,,,=((D252 + E252) * C252)
,,,,,=((D253 + E253) * C253)
,,,,,=((D254 + E254) * C254)
,,,,,=((D255 + E255) * C255)
,,,,,=((D256 + E256) * C256)
,,,,,=((D257 + E257) * C257)
,,,,,=((D258 + E258) * C258)
,,,,,=((D259 + E259) * C259)
,,,,,=((D260 + E260) * C260)
,,,,,=((D261 + E261) * C261)
,,,,,=((D262 + E262) * C262)
,,,,,=((D263 + E263) * C263)
,,,,,=((D264 + E264) * C264)
,,,,,=((D265 + E265) * C265)
,,,,,=((D266 + E266) * C266)
,,,,,=((D267 + E267) * C267)
,,,,,=((D268 + E268) * C268)
,,,,,=((D269 + E269) * C269)
,,,,,=((D270 + E270) * C270)
,,,,,=((D271 + E271) * C271)
,,,,,=((D272 + E272) * C272)
,,,,,=((D273 + E273) * C273)
,,,,,=((D274 + E274) * C274)
,,,,,=((D275 + E275) * C275)
,,,,,=((D276 + E276) * C276)
,,,,,=((D277 + E277) * C277)
,,,,,=((D278 + E278) * C278)
,,,,,=((D279 + E279) * C279)
,,,,,=((D280 + E280) * C280)
,,,,,=((D281 + E281) * C281)
,,,,,=((D282 + E282) * C282)
,,,,,=((D283 + E283) * C283)
,,,,,=((D284 + E284) * C284)
,,,,,=((D285 + E285) * C285)
,,,,,=((D286 + E286) * C286)
,,,,,=((D287 + E287) * C287)
,,,,,=((D288 + E288) * C288)
,,,,,=((D289 + E289) * C289)
,,,,,=((D290 + E290) * C290)
,,,,,=((D291 + E291) * C291)
,,,,,=((D292 + E292) * C292)
,,,,,=((D293 + E293) * C293)
,,,,,=((D294 + E294) * C294)
,,,,,=((D295 + E295) * C295)
,,,,,=((D296 + E296) * C296)
,,,,,=((D297 + E297) * C297)
,,,,,=((D298 + E298) * C298)
,,,,,=((D299 + E299) * C299)
,,,,,=((D300 + E300) * C300)
,,,,,=((D301 + E301) * C301)
,,,,,=((D302 + E302) * C302)
,,,,,=((D303 + E303) * C303)
,,,,,=((D304 + E304) * C304)
,,,,,=((D305 + E305) * C305)
,,,,,=((D306 + E306) * C306)
,,,,,=((D307 + E307) * C307)
,,,,,=((D308 + E308) * C308)
,,,,,=((D309 + E309) * C309)
,,,,,=((D310 + E310) * C310)
,,,,,=((D311 + E311) * C311)
,,,,,=((D312 + E312) * C312)
,,,,,=((D313 + E313) * C313)
,,,,,=((D314 + E314) * C314)
,,,,,=((D315 + E315) * C315)
,,,,,=((D316 + E316) * C316)
,,,,,=((D317 + E317) * C317)
,,,,,=((D318 + E318) * C318)
,,,,,=((D319 + E319) * C319)
,,,,,=((D320 + E320) * C320)
,,,,,=((D321 + E321) * C321)
,,,,,=((D322 + E322) * C322)
,,,,,=((D323 + E323) * C323)
,,,,,=((D324 + E324) * C324)
,,,,,=((D325 + E325) * C325)
,,,,,=((D326 + E326) * C326)
,,,,,=((D327 + E327) * C327)
,,,,,=((D328 + E328) * C328)
,,,,,=((D329 + E329) * C329)
,,,,,=((D330 + E330) * C330)
,,,,,=((D331 + E331) * C331)
,,,,,=((D332 + E332) * C332)
,,,,,=((D333 + E333) * C333)
,,,,,=((D334 + E334) * C334)
,,,,,=((D335 + E335) * C335)
,,,,,=((D336 + E336) * C336)
,,,,,=((D337 + E337) * C337)
,,,,,=((D338 + E338) * C338)
,,,,,=((D339 + E339) * C339)
,,,,,=((D340 + E340) * C340)
,,,,,=((D341 + E341) * C341)
,,,,,=((D342 + E342) * C342)
,,,,,=((D343 + E343) * C343)
,,,,,=((D344 + E344) * C344)
,,,,,=((D345 + E345) * C345)
,,,,,=((D346 + E346) * C346)
,,,,,=((D347 + E347) * C347)
,,,,,=((D348 + E348) * C348)
,,,,,=((D349 + E349) * C349)
,,,,,=((D350 + E350) * C350)
,,,,,=((D351 + E351) * C351)
,,,,,=((D352 + E352) * C352)
,,,,,=((D353 + E353) * C353)
,,,,,=((D354 + E354) * C354)
,,,,,=((D355 + E355) * C355)
,,,,,=((D356 + E356) * C356)
,,,,,=((D357 + E357) * C357)
,,,,,=((D358 + E358) * C358)
,,,,,=((D359 + E359) * C359)
,,,,,=((D360 + E360) * C360)
,,,,,=((D361 + E361) * C361)
,,,,,=((D362 + E362) * C362)
,,,,,=((D363 + E363) * C363)
,,,,,=((D364 + E364) * C364)
,,,,,=((D365 + E365) * C365)
,,,,,=((D366 + E366) * C366)
,,,,,=((D367 + E367) * C367)
,,,,,=((D368 + E368) * C368)
,,,,,=((D369 + E369) * C369)
,,,,,=((D370 + E370) * C370)
,,,,,=((D371 + E371) * C371)
,,,,,=((D372 + E372) * C372)
,,,,,=((D373 + E373) * C373)
,,,,,=((D374 + E374) * C374)
,,,,,=((D375 + E375) * C375)
,,,,,=((D376 + E376) * C376)
,,,,,=((D377 + E377) * C377)
,,,,,=((D378 + E378) * C378)
,,,,,=((D379 + E379) * C379)
,,,,,=((D380 + E380) * C380)
,,,,,=((D381 + E381) * C381)
,,,,,=((D382 + E382) * C382)
,,,,,=((D383 + E383) * C383)
,,,,,=((D384 + E384) * C384)
,,,,,=((D385 + E385) * C385)
,,,,,=((D386 + E386) * C386)
,,,,,=((D387 + E387) * C387)
,,,,,=((D388 + E388) * C388)
,,,,,=((D389 + E389) * C389)
,,,,,=((D390 + E390) * C390)
,,,,,=((D391 + E391) * C391)
,,,,,=((D392 + E392) * C392)
,,,,,=((D393 + E393) * C393)
,,,,,=((D394 + E394) * C394)
,,,,,=((D395 + E395) * C395)
,,,,,=((D396 + E396) * C396)
,,,,,=((D397 + E397) * C397)
,,,,,=((D398 + E398) * C398)
,,,,,=((D399 + E399) * C399)
,,,,,=((D400 + E400) * C400)
,,,,,=((D401 + E401) * C401)
,,,,,=((D402 + E402) * C402)
,,,,,=((D403 + E403) * C403)
,,,,,=((D404 + E404) * C404)
,,,,,=((D405 + E405) * C405)
,,,,,=((D406 + E406) * C406)
,,,,,=((D407 + E407) * C407)
,,,,,=((D408 + E408) * C408)
,,,,,=((D409 + E409) * C409)
,,,,,=((D410 + E410) * C410)
,,,,,=((D411 + E411) * C411)
,,,,,=((D412 + E412) * C412)
,,,,,=((D413 + E413) * C413)
,,,,,=((D414 + E414) * C414)
,,,,,=((D415 + E415) * C415)
,,,,,=((D416 + E416) * C416)
,,,,,=((D417 + E417) * C417)
,,,,,=((D418 + E418) * C418)
,,,,,=((D419 + E419) * C419)
,,,,,=((D420 + E420) * C420)
,,,,,=((D421 + E421) * C421)
,,,,,=((D422 + E422) * C422)
,,,,,=((D423 + E423) * C423)
,,,,,=((D424 + E424) * C424)
,,,,,=((D425 + E425) * C425)
,,,,,=((D426 + E426) * C426)
,,,,,=((D427 + E427) * C427)
,,,,,=((D428 + E428) * C428)
,,,,,=((D429 + E429) * C429)
,,,,,=((D430 + E430) * C430)
,,,,,=((D431 + E431) * C431)
,,,,,=((D432 + E432) * C432)
,,,,,=((D433 + E433) * C433)
,,,,,=((D434 + E434) * C434)
,,,,,=((D435 + E435) * C435)
,,,,,=((D436 + E436) * C436)
,,,,,=((D437 + E437) * C437)
,,,,,=((D438 + E438) * C438)
,,,,,=((D439 + E439) * C439)
,,,,,=((D440 + E440) * C440)
,,,,,=((D441 + E441) * C441)
,,,,,=((D442 + E442) * C442)
,,,,,=((D443 + E443) * C443)
,,,,,=((D444 + E444) * C444)
,,,,,=((D445 + E445) * C445)
,,,,,=((D446 + E446) * C446)
,,,,,=((D447 + E447) * C447)
,,,,,=((D448 + E448) * C448)
,,,,,=((D449 + E449) * C449)
,,,,,=((D450 + E450) * C450)
,,,,,=((D451 + E451) * C451)
,,,,,=((D452 + E452) * C452)
,,,,,=((D453 + E453) * C453)
,,,,,=((D454 + E454) * C454)
,,,,,=((D455 + E455) * C455)
,,,,,=((D456 + E456) * C456)
,,,,,=((D457 + E457) * C457)
,,,,,=((D458 + E458) * C458)
,,,,,=((D459 + E459) * C459)
,,,,,=((D460 + E460) * C460)
,,,,,=((D461 + E461) * C461)
,,,,,=((D462 + E462) * C462)
,,,,,=((D463 + E463) * C463)
,,,,,=((D464 + E464) * C464)
,,,,,=((D465 + E465) * C465)
,,,,,=((D466 + E466) * C466)
,,,,,=((D467 + E467) * C467)
,,,,,=((D468 + E468) * C468)
,,,,,=((D469 + E469) * C469)
,,,,,=((D470 + E470) * C470)
,,,,,=((D471 + E471) * C471)
,,,,,=((D472 + E472) * C472)
,,,,,=((D473 + E473) * C473)
,,,,,=((D474 + E474) * C474)
,,,,,=((D475 + E475) * C475)
,,,,,=((D476 + E476) * C476)
,,,,,=((D477 + E477) * C477)
,,,,,=((D478 + E478) * C478)
,,,,,=((D479 + E479) * C479)
,,,,,=((D480 + E480) * C480)
,,,,,=((D481 + E481) * C481)
,,,,,=((D482 + E482) * C482)
,,,,,=((D483 + E483) * C483)
,,,,,=((D484 + E484) * C484)
,,,,,=((D485 + E485) * C485)
,,,,,=((D486 + E486) * C486)
,,,,,=((D487 + E487) * C487)
,,,,,=((D488 + E488) * C488)
,,,,,=((D489 + E489) * C489)
,,,,,=((D490 + E490) * C490)
,,,,,=((D491 + E491) * C491)
,,,,,=((D492 + E492) * C492)
,,,,,=((D493 + E493) * C493)
,,,,,=((D494 + E494) * C494)
,,,,,=((D495 + E495) * C495)
,,,,,=((D496 + E496) * C496)
,,,,,=((D497 + E497) * C497)
,,,,,=((D498 + E498) * C498)
,,,,,=((D499 + E499) * C499)
,,,,,=((D500 + E500) * C500)
,,,,,=((D501 + E501) * C501)
,,,,,=((D502 + E502) * C502)
,,,,,=((D503 + E503) * C503)
,,,,,=((D504 + E504) * C504)
,,,,,=((D505 + E505) * C505)
,,,,,=((D506 + E506) * C506)
,,,,,=((D507 + E507) * C507)
,,,,,=((D508 + E508) * C508)
,,,,,=((D509 + E509) * C509)
,,,,,=((D510 + E510) * C510)
,,,,,=((D511 + E511) * C511)
,,,,,=((D512 + E512) * C512)
,,,,,=((D513 + E513) * C513)
,,,,,=((D514 + E514) * C514)
,,,,,=((D515 + E515) * C515)
,,,,,=((D516 + E516) * C516)
,,,,,=((D517 + E517) * C517)
,,,,,=((D518 + E518) * C518)
,,,,,=((D519 + E519) * C519)
,,,,,=((D520 + E520) * C520)
,,,,,=((D521 + E521) * C521)
,,,,,=((D522 + E522) * C522)
,,,,,=((D523 + E523) * C523)
,,,,,=((D524 + E524) * C524)
,,,,,=((D525 + E525) * C525)
,,,,,=((D526 + E526) * C526)
,,,,,=((D527 + E527) * C527)
,,,,,=((D528 + E528) * C528)
,,,,,=((D529 + E529) * C529)
,,,,,=((D530 + E530) * C530)
,,,,,=((D531 + E531) * C531)
,,,,,=((D532 + E532) * C532)
,,,,,=((D533 + E533) * C533)
,,,,,=((D534 + E534) * C534)
,,,,,=((D535 + E535) * C535)
,,,,,=((D536 + E536) * C536)
,,,,,=((D537 + E537) * C537)
,,,,,=((D538 + E538) * C538)
,,,,,=((D539 + E539) * C539)
,,,,,=((D540 + E540) * C540)
,,,,,=((D541 + E541) * C541)
,,,,,=((D542 + E542) * C542)
,,,,,=((D543 + E543) * C543)
,,,,,=((D544 + E544) * C544)
,,,,,=((D545 + E545) * C545)
,,,,,=((D546 + E546) * C546)
,,,,,=((D547 + E547) * C547)
,,,,,=((D548 + E548) * C548)
,,,,,=((D549 + E549) * C549)
,,,,,=((D550 + E550) * C550)
,,,,,=((D551 + E551) * C551)
,,,,,=((D552 + E552) * C552)
,,,,,=((D553 + E553) * C553)
,,,,,=((D554 + E554) * C554)
,,,,,=((D555 + E555) * C555)
,,,,,=((D556 + E556) * C556)
,,,,,=((D557 + E557) * C557)
,,,,,=((D558 + E558) * C558)
,,,,,=((D559 + E559) * C559)
,,,,,=((D560 + E560) * C560)
,,,,,=((D561 + E561) * C561)
,,,,,=((D562 + E562) * C562)
,,,,,=((D563 + E563) * C563)
,,,,,=((D564 + E564) * C564)
,,,,,=((D565 + E565) * C565)
,,,,,=((D566 + E566) * C566)
,,,,,=((D567 + E567) * C567)
,,,,,=((D568 + E568) * C568)
,,,,,=((D569 + E569) * C569)
,,,,,=((D570 + E570) * C570)
,,,,,=((D571 + E571) * C571)
,,,,,=((D572 + E572) * C572)
,,,,,=((D573 + E573) * C573)
,,,,,=((D574 + E574) * C574)
,,,,,=((D575 + E575) * C575)
,,,,,=((D576 + E576) * C576)
,,,,,=((D577 + E577) * C577)
,,,,,=((D578 + E578) * C578)
,,,,,=((D579 + E579) * C579)
,,,,,=((D580 + E580) * C580)
,,,,,=((D581 + E581) * C581)
,,,,,=((D582 + E582) * C582)
,,,,,=((D583 + E583) * C583)
,,,,,=((D584 + E584) * C584)
,,,,,=((D585 + E585) * C585)
,,,,,=((D586 + E586) * C586)
,,,,,=((D587 + E587) * C587)
,,,,,=((D588 + E588) * C588)
,,,,,=((D589 + E589) * C589)
,,,,,=((D590 + E590) * C590)
,,,,,=((D591 + E591) * C591)
,,,,,=((D592 + E592) * C592)
,,,,,=((D593 + E593) * C593)
,,,,,=((D594 + E594) * C594)
,,,,,=((D595 + E595) * C595)
,,,,,=((D596 + E596) * C596)
,,,,,=((D597 + E597) * C597)
,,,,,=((D598 + E598) * C598)
,,,,,=((D599 + E599) * C599)
,,,,,=((D600 + E600) * C600)
,,,,,=((D601 + E601) * C601)
,,,,,=((D602 + E602) * C602)
,,,,,=((D603 + E603) * C603)
,,,,,=((D604 + E604) * C604)
,,,,,=((D605 + E605) * C605)
,,,,,=((D606 + E606) * C606)
,,,,,=((D607 + E607) * C607)
,,,,,=((D608 + E608) * C608)
,,,,,=((D609 + E609) * C609)
,,,,,=((D610 + E610) * C610)
,,,,,=((D611 + E611) * C611)
,,,,,=((D612 + E612) * C612)
,,,,,=((D613 + E613) * C613)
,,,,,=((D614 + E614) * C614)
,,,,,=((D615 + E615) * C615)
,,,,,=((D616 + E616) * C616)
,,,,,=((D617 + E617) * C617)
,,,,,=((D618 + E618) * C618)
,,,,,=((D619 + E619) * C619)
,,,,,=((D620 + E620) * C620)
,,,,,=((D621 + E621) * C621)
,,,,,=((D622 + E622) * C622)
,,,,,=((D623 + E623) * C623)
,,,,,=((D624 + E624) * C624)
,,,,,=((D625 + E625) * C625)
,,,,,=((D626 + E626) * C626)
,,,,,=((D627 + E627) * C627)
,,,,,=((D628 + E628) * C628)
,,,,,=((D629 + E629) * C629)
,,,,,=((D630 + E630) * C630)
,,,,,=((D631 + E631) * C631)
,,,,,=((D632 + E632) * C632)
,,,,,=((D633 + E633) * C633)
,,,,,=((D634 + E634) * C634)
,,,,,=((D635 + E635) * C635)
,,,,,=((D636 + E636) * C636)
,,,,,=((D637 + E637) * C637)
,,,,,=((D638 + E638) * C638)
,,,,,=((D639 + E639) * C639)
,,,,,=((D640 + E640) * C640)
,,,,,=((D641 + E641) * C641)
,,,,,=((D642 + E642) * C642)
,,,,,=((D643 + E643) * C643)
,,,,,=((D644 + E644) * C644)
,,,,,=((D645 + E645) * C645)
,,,,,=((D646 + E646) * C646)
,,,,,=((D647 + E647) * C647)
,,,,,=((D648 + E648) * C648)
,,,,,=((D649 + E649) * C649)
,,,,,=((D650 + E650) * C650)
,,,,,=((D651 + E651) * C651)
,,,,,=((D652 + E652) * C652)
,,,,,=((D653 + E653) * C653)
,,,,,=((D654 + E654) * C654)
,,,,,=((D655 + E655) * C655)
,,,,,=((D656 + E656) * C656)
,,,,,=((D657 + E657) * C657)
,,,,,=((D658 + E658) * C658)
,,,,,=((D659 + E659) * C659)
,,,,,=((D660 + E660) * C660)
,,,,,=((D661 + E661) * C661)
,,,,,=((D662 + E662) * C662)
,,,,,=((D663 + E663) * C663)
,,,,,=((D664 + E664) * C664)
,,,,,=((D665 + E665) * C665)
,,,,,=((D666 + E666) * C666)
,,,,,=((D667 + E667) * C667)
,,,,,=((D668 + E668) * C668)
,,,,,=((D669 + E669) * C669)
,,,,,=((D670 + E670) * C670)
,,,,,=((D671 + E671) * C671)
,,,,,=((D672 + E672) * C672)
,,,,,=((D673 + E673) * C673)
,,,,,=((D674 + E674) * C674)
,,,,,=((D675 + E675) * C675)
,,,,,=((D676 + E676) * C676)
,,,,,=((D677 + E677) * C677)
,,,,,=((D678 + E678) * C678)
,,,,,=((D679 + E679) * C679)
,,,,,=((D680 + E680) * C680)
,,,,,=((D681 + E681) * C681)
,,,,,=((D682 + E682) * C682)
,,,,,=((D683 + E683) * C683)
,,,,,=((D684 + E684) * C684)
,,,,,=((D685 + E685) * C685)
,,,,,=((D686 + E686) * C686)
,,,,,=((D687 + E687) * C687)
,,,,,=((D688 + E688) * C688)
,,,,,=((D689 + E689) * C689)
,,,,,=((D690 + E690) * C690)
,,,,,=((D691 + E691) * C691)
,,,,,=((D692 + E692) * C692)
,,,,,=((D693 + E693) * C693)
,,,,,=((D694 + E694) * C694)
,,,,,=((D695 + E695) * C695)
,,,,,=((D696 + E696) * C696)
,,,,,=((D697 + E697) * C697)
,,,,,=((D698 + E698) * C698)
,,,,,=((D699 + E699) * C699)
,,,,,=((D700 + E700) * C700)
,,,,,=((D701 + E701) * C701)
,,,,,=((D702 + E702) * C702)
,,,,,=((D703 + E703) * C703)
,,,,,=((D704 + E704) * C704)
,,,,,=((D705 + E705) * C705)
,,,,,=((D706 + E706) * C706)
,,,,,=((D707 + E707) * C707)
,,,,,=((D708 + E708) * C708)
,,,,,=((D709 + E709) * C709)
,,,,,=((D710 + E710) * C710)
,,,,,=((D711 + E711) * C711)
,,,,,=((D712 + E712) * C712)
,,,,,=((D713 + E713) * C713)
,,,,,=((D714 + E714) * C714)
,,,,,=((D715 + E715) * C715)
,,,,,=((D716 + E716) * C716)
,,,,,=((D717 + E717) * C717)
,,,,,=((D718 + E718) * C718)
,,,,,=((D719 + E719) * C719)
,,,,,=((D720 + E720) * C720)
,,,,,=((D721 + E721) * C721)
,,,,,=((D722 + E722) * C722)
,,,,,=((D723 + E723) * C723)
,,,,,=((D724 + E724) * C724)
,,,,,=((D725 + E725) * C725)
,,,,,=((D726 + E726) * C726)
,,,,,=((D727 + E727) * C727)
,,,,,=((D728 + E728) * C728)
,,,,,=((D729 + E729) * C729)
,,,,,=((D730 + E730) * C730)
,,,,,=((D731 + E731) * C731)
,,,,,=((D732 + E732) * C732)
,,,,,=((D733 + E733) * C733)
,,,,,=((D734 + E734) * C734)
,,,,,=((D735 + E735) * C735)
,,,,,=((D736 + E736) * C736)
,,,,,=((D737 + E737) * C737)
,,,,,=((D738 + E738) * C738)
,,,,,=((D739 + E739) * C739)
,,,,,=((D740 + E740) * C740)
,,,,,=((D741 + E741) * C741)
,,,,,=((D742 + E742) * C742)
,,,,,=((D743 + E743) * C743)
,,,,,=((D744 + E744) * C744)
,,,,,=((D745 + E745) * C745)
,,,,,=((D746 + E746) * C746)
,,,,,=((D747 + E747) * C747)
,,,,,=((D748 + E748) * C748)
,,,,,=((D749 + E749) * C749)
,,,,,=((D750 + E750) * C750)
,,,,,=((D751 + E751) * C751)
,,,,,=((D752 + E752) * C752)
,,,,,=((D753 + E753) * C753)
,,,,,=((D754 + E754) * C754)
,,,,,=((D755 + E755) * C755)
,,,,,=((D756 + E756) * C756)
,,,,,=((D757 + E757) * C757)
,,,,,=((D758 + E758) * C758)
,,,,,=((D759 + E759) * C759)
,,,,,=((D760 + E760) * C760)
,,,,,=((D761 + E761) * C761)
,,,,,=((D762 + E762) * C762)
,,,,,=((D763 + E763) * C763)
,,,,,=((D764 + E764) * C764)
,,,,,=((D765 + E765) * C765)
,,,,,=((D766 + E766) * C766)
,,,,,=((D767 + E767) * C767)
,,,,,=((D768 + E768) * C768)
,,,,,=((D769 + E769) * C769)
,,,,,=((D770 + E770) * C770)
,,,,,=((D771 + E771) * C771)
,,,,,=((D772 + E772) * C772)
,,,,,=((D773 + E773) * C773)
,,,,,=((D774 + E774) * C774)
,,,,,=((D775 + E775) * C775)
,,,,,=((D776 + E776) * C776)
,,,,,=((D777 + E777) * C777)
,,,,,=((D778 + E778) * C778)
,,,,,=((D779 + E779) * C779)
,,,,,=((D780 + E780) * C780)
,,,,,=((D781 + E781) * C781)
,,,,,=((D782 + E782) * C782)
,,,,,=((D783 + E783) * C783)
,,,,,=((D784 + E784) * C784)
,,,,,=((D785 + E785) * C785)
,,,,,=((D786 + E786) * C786)
,,,,,=((D787 + E787) * C787)
,,,,,=((D788 + E788) * C788)
,,,,,=((D789 + E789) * C789)
,,,,,=((D790 + E790) * C790)
,,,,,=((D791 + E791) * C791)
,,,,,=((D792 + E792) * C792)
,,,,,=((D793 + E793) * C793)
,,,,,=((D794 + E794) * C794)
,,,,,=((D795 + E795) * C795)
,,,,,=((D796 + E796) * C796)
,,,,,=((D797 + E797) * C797)
,,,,,=((D798 + E798) * C798)
,,,,,=((D799 + E799) * C799)
,,,,,=((D800 + E800) * C800)
,,,,,=((D801 + E801) * C801)
,,,,,=((D802 + E802) * C802)
,,,,,=((D803 + E803) * C803)
,,,,,=((D804 + E804) * C804)
,,,,,=((D805 + E805) * C805)
,,,,,=((D806 + E806) * C806)
,,,,,=((D807 + E807) * C807)
,,,,,=((D808 + E808) * C808)
,,,,,=((D809 + E809) * C809)
,,,,,=((D810 + E810) * C810)
,,,,,=((D811 + E811) * C811)
,,,,,=((D812 + E812) * C812)
,,,,,=((D813 + E813) * C813)
,,,,,=((D814 + E814) * C814)
,,,,,=((D815 + E815) * C815)
,,,,,=((D816 + E816) * C816)
,,,,,=((D817 + E817) * C817)
,,,,,=((D818 + E818) * C818)
,,,,,=((D819 + E819) * C819)
,,,,,=((D820 + E820) * C820)
,,,,,=((D821 + E821) * C821)
,,,,,=((D822 + E822) * C822)
,,,,,=((D823 + E823) * C823)
,,,,,=((D824 + E824) * C824)
,,,,,=((D825 + E825) * C825)
,,,,,=((D826 + E826) * C826)
,,,,,=((D827 + E827) * C827)
,,,,,=((D828 + E828) * C828)
,,,,,=((D829 + E829) * C829)
,,,,,=((D830 + E830) * C830)
,,,,,=((D831 + E831) * C831)
,,,,,=((D832 + E832) * C832)
,,,,,=((D833 + E833) * C833)
,,,,,=((D834 + E834) * C834)
,,,,,=((D835 + E835) * C835)
,,,,,=((D836 + E836) * C836)
,,,,,=((D837 + E837) * C837)
,,,,,=((D838 + E838) * C838)
,,,,,=((D839 + E839) * C839)
,,,,,=((D840 + E840) * C840)
,,,,,=((D841 + E841) * C841)
,,,,,=((D842 + E842) * C842)
,,,,,=((D843 + E843) * C843)
,,,,,=((D844 + E844) * C844)
,,,,,=((D845 + E845) * C845)
,,,,,=((D846 + E846) * C846)
,,,,,=((D847 + E847) * C847)
,,,,,=((D848 + E848) * C848)
,,,,,=((D849 + E849) * C849)
,,,,,=((D850 + E850) * C850)
,,,,,=((D851 + E851) * C851)
,,,,,=((D852 + E852) * C852)
,,,,,=((D853 + E853) * C853)
,,,,,=((D854 + E854) * C854)
,,,,,=((D855 + E855) * C855)
,,,,,=((D856 + E856) * C856)
,,,,,=((D857 + E857) * C857)
,,,,,=((D858 + E858) * C858)
,,,,,=((D859 + E859) * C859)
,,,,,=((D860 + E860) * C860)
,,,,,=((D861 + E861) * C861)
,,,,,=((D862 + E862) * C862)
,,,,,=((D863 + E863) * C863)
,,,,,=((D864 + E864) * C864)
,,,,,=((D865 + E865) * C865)
,,,,,=((D866 + E866) * C866)
,,,,,=((D867 + E867) * C867)
,,,,,=((D868 + E868) * C868)
,,,,,=((D869 + E869) * C869)
,,,,,=((D870 + E870) * C870)
,,,,,=((D871 + E871) * C871)
,,,,,=((D872 + E872) * C872)
,,,,,=((D873 + E873) * C873)
,,,,,=((D874 + E874) * C874)
,,,,,=((D875 + E875) * C875)
,,,,,=((D876 + E876) * C876)
,,,,,=((D877 + E877) * C877)
,,,,,=((D878 + E878) * C878)
,,,,,=((D879 + E879) * C879)
,,,,,=((D880 + E880) * C880)
,,,,,=((D881 + E881) * C881)
,,,,,=((D882 + E882) * C882)
,,,,,=((D883 + E883) * C883)
,,,,,=((D884 + E884) * C884)
,,,,,=((D885 + E885) * C885)
,,,,,=((D886 + E886) * C886)
,,,,,=((D887 + E887) * C887)
,,,,,=((D888 + E888) * C888)
,,,,,=((D889 + E889) * C889)
,,,,,=((D890 + E890) * C890)
,,,,,=((D891 + E891) * C891)
,,,,,=((D892 + E892) * C892)
,,,,,=((D893 + E893) * C893)
,,,,,=((D894 + E894) * C894)
,,,,,=((D895 + E895) * C895)
,,,,,=((D896 + E896) * C896)
,,,,,=((D897 + E897) * C897)
,,,,,=((D898 + E898) * C898)
,,,,,=((D899 + E899) * C899)
,,,,,=((D900 + E900) * C900)
,,,,,=((D901 + E901) * C901)
,,,,,=((D902 + E902) * C902)
,,,,,=((D903 + E903) * C903)
,,,,,=((D904 + E904) * C904)
,,,,,=((D905 + E905) * C905)
,,,,,=((D906 + E906) * C906)
,,,,,=((D907 + E907) * C907)
,,,,,=((D908 + E908) * C908)
,,,,,=((D909 + E909) * C909)
,,,,,=((D910 + E910) * C910)
,,,,,=((D911 + E911) * C911)
,,,,,=((D912 + E912) * C912)
,,,,,=((D913 + E913) * C913)
,,,,,=((D914 + E914) * C914)
,,,,,=((D915 + E915) * C915)
,,,,,=((D916 + E916) * C916)
,,,,,=((D917 + E917) * C917)
,,,,,=((D918 + E918) * C918)
,,,,,=((D919 + E919) * C919)
,,,,,=((D920 + E920) * C920)
,,,,,=((D921 + E921) * C921)
,,,,,=((D922 + E922) * C922)
,,,,,=((D923 + E923) * C923)
,,,,,=((D924 + E924) * C924)
,,,,,=((D925 + E925) * C925)
,,,,,=((D926 + E926) * C926)
,,,,,=((D927 + E927) * C927)
,,,,,=((D928 + E928) * C928)
,,,,,=((D929 + E929) * C929)
,,,,,=((D930 + E930) * C930)
,,,,,=((D931 + E931) * C931)
,,,,,=((D932 + E932) * C932)
,,,,,=((D933 + E933) * C933)
,,,,,=((D934 + E934) * C934)
,,,,,=((D935 + E935) * C935)
,,,,,=((D936 + E936) * C936)
,,,,,=((D937 + E937) * C937)
,,,,,=((D938 + E938) * C938)
,,,,,=((D939 + E939) * C939)
,,,,,=((D940 + E940) * C940)
,,,,,=((D941 + E941) * C941)
,,,,,=((D942 + E942) * C942)
,,,,,=((D943 + E943) * C943)
,,,,,=((D944 + E944) * C944)
,,,,,=((D945 + E945) * C945)
,,,,,=((D946 + E946) * C946)
,,,,,=((D947 + E947) * C947)
,,,,,=((D948 + E948) * C948)
,,,,,=((D949 + E949) * C949)
,,,,,=((D950 + E950) * C950)
,,,,,=((D951 + E951) * C951)
,,,,,=((D952 + E952) * C952)
,,,,,=((D953 + E953) * C953)
,,,,,=((D954 + E954) * C954)
,,,,,=((D955 + E955) * C955)
,,,,,=((D956 + E956) * C956)
,,,,,=((D957 + E957) * C957)
,,,,,=((D958 + E958) * C958)
,,,,,=((D959 + E959) * C959)
,,,,,=((D960 + E960) * C960)
,,,,,=((D961 + E961) * C961)
,,,,,=((D962 + E962) * C962)
,,,,,=((D963 + E963) * C963)
,,,,,=((D964 + E964) * C964)
,,,,,=((D965 + E965) * C965)
,,,,,=((D966 + E966) * C966)
,,,,,=((D967 + E967) * C967)
,,,,,=((D968 + E968) * C968)
,,,,,=((D969 + E969) * C969)
,,,,,=((D970 + E970) * C970)
,,,,,=((D971 + E971) * C971)
,,,,,=((D972 + E972) * C972)
,,,,,=((D973 + E973) * C973)
,,,,,=((D974 + E974) * C974)
,,,,,=((D975 + E975) * C975)
,,,,,=((D976 + E976) * C976)
,,,,,=((D977 + E977) * C977)
,,,,,=((D978 + E978) * C978)
,,,,,=((D979 + E979) * C979)
,,,,,=((D980 + E980) * C980)
,,,,,=((D981 + E981) * C981)
,,,,,=((D982 + E982) * C982)
,,,,,=((D983 + E983) * C983)
,,,,,=((D984 + E984) * C984)
,,,,,=((D985 + E985) * C985)
,,,,,=((D986 + E986) * C986)
,,,,,=((D987 + E987) * C987)
,,,,,=((D988 + E988) * C988)
,,,,,=((D989 + E989) * C989)
,,,,,=((D990 + E990) * C990)
,,,,,=((D991 + E991) * C991)
,,,,,=((D992 + E992) * C992)
,,,,,=((D993 + E993) * C993)
,,,,,=((D994 + E994) * C994)
,,,,,=((D995 + E995) * C995)
,,,,,=((D996 + E996) * C996)
,,,,,=((D997 + E997) * C997)
,,,,,=((D998 + E998) * C998)
,,,,,=((D999 + E999) * C999)
,,,,,=((D1000 + E1000) * C1000)
