Date,Validator Index,Price [USD/ETH],Price [USD/RPL],Consensus Layer Income [ETH],Execution Layer Income [ETH],Smoothing Pool Income [ETH],Rocket Pool Node Income [RPL],Total Income [USD],Total Income [ETH]
,,,,,,,,=(((E2 + (F2 + G2)) * C2) + (H2 * D2)),=(E2 + (F2 + G2))
,,,,,,,,=(((E3 + (F3 + G3)) * C3) + (H3 * D3)),=(E3 + (F3 + G3))
,,,,,,,,=(((E4 + (F4 + G4)) * C4) + (H4 * D4)),=(E4 + (F4 + G4))
,,,,,,,,=(((E5 + (F5 + G5)) * C5) + (H5 * D5)),=(E5 + (F5 + G5))
,,,,,,,,=(((E6 + (F6 + G6)) * C6) + (H6 * D6)),=(E6 + (F6 + G6))
,,,,,,,,=(((E7 + (F7 + G7)) * C7) + (H7 * D7)),=(E7 + (F7 + G7))
,,,,,,,,=(((E8 + (F8 + G8)) * C8) + (H8 * D8)),=(E8 + (F8 + G8))
,,,,,,,,=(((E9 + (F9 + G9)) * C9) + (H9 * D9)),=(E9 + (F9 + G9))
,,,,,,,,=(((E10 + (F10 + G10)) * C10) + (H10 * D10)),=(E10 + (F10 + G10))
,,,,,,,,=(((E11 + (F11 + G11)) * C11) + (H11 * D11)),=(E11 + (F11 + G11))
,,,,,,,,=(((E12 + (F12 + G12)) * C12) + (H12 * D12)),=(E12 + (F12 + G12))
,,,,,,,,=(((E13 + (F13 + G13)) * C13) + (H13 * D13)),=(E13 + (F13 + G13))
,,,,,,,,=(((E14 + (F14 + G14)) * C14) + (H14 * D14)),=(E14 + (F14 + G14))
,,,,,,,,=(((E15 + (F15 + G15)) * C15) + (H15 * D15)),=(E15 + (F15 + G15))
,,,,,,,,=(((E16 + (F16 + G16)) * C16) + (H16 * D16)),=(E16 + (F16 + G16))
,,,,,,,,=(((E17 + (F17 + G17)) * C17) + (H17 * D17)),=(E17 + (F17 + G17))
,,,,,,,,=(((E18 + (F18 + G18)) * C18) + (H18 * D18)),=(E18 + (F18 + G18))
,,,,,,,,=(((E19 + (F19 + G19)) * C19) + (H19 * D19)),=(E19 + (F19 + G19))
,,,,,,,,=(((E20 + (F20 + G20)) * C20) + (H20 * D20)),=(E20 + (F20 + G20))
,,,,,,,,=(((E21 + (F21 + G21)) * C21) + (H21 * D21)),=(E21 + (F21 + G21))
,,,,,,,,=(((E22 + (F22 + G22)) * C22) + (H22 * D22)),=(E22 + (F22 + G22))
,,,,,,,,=(((E23 + (F23 + G23)) * C23) + (H23 * D23)),=(E23 + (F23 + G23))
,,,,,,,,=(((E24 + (F24 + G24)) * C24) + (H24 * D24)),=(E24 + (F24 + G24))
,,,,,,,,=(((E25 + (F25 + G25)) * C25) + (H25 * D25)),=(E25 + (F25 + G25))
,,,,,,,,=(((E26 + (F26 + G26)) * C26) + (H26 * D26)),=(E26 + (F26 + G26))
,,,,,,,,=(((E27 + (F27 + G27)) * C27) + (H27 * D27)),=(E27 + (F27 + G27))
,,,,,,,,=(((E28 + (F28 + G28)) * C28) + (H28 * D28)),=(E28 + (F28 + G28))
,,,,,,,,=(((E29 + (F29 + G29)) * C29) + (H29 * D29)),=(E29 + (F29 + G29))
,,,,,,,,=(((E30 + (F30 + G30)) * C30) + (H30 * D30)),=(E30 + (F30 + G30))
,,,,,,,,=(((E31 + (F31 + G31)) * C31) + (H31 * D31)),=(E31 + (F31 + G31))
,,,,,,,,=(((E32 + (F32 + G32)) * C32) + (H32 * D32)),=(E32 + (F32 + G32))
,,,,,,,,=(((E33 + (F33 + G33)) * C33) + (H33 * D33)),=(E33 + (F33 + G33))
,,,,,,,,=(((E34 + (F34 + G34)) * C34) + (H34 * D34)),=(E34 + (F34 + G34))
,,,,,,,,=(((E35 + (F35 + G35)) * C35) + (H35 * D35)),=(E35 + (F35 + G35))
,,,,,,,,=(((E36 + (F36 + G36)) * C36) + (H36 * D36)),=(E36 + (F36 + G36))
,,,,,,,,=(((E37 + (F37 + G37)) * C37) + (H37 * D37)),=(E37 + (F37 + G37))
,,,,,,,,=(((E38 + (F38 + G38)) * C38) + (H38 * D38)),=(E38 + (F38 + G38))
,,,,,,,,=(((E39 + (F39 + G39)) * C39) + (H39 * D39)),=(E39 + (F39 + G39))
,,,,,,,,=(((E40 + (F40 + G40)) * C40) + (H40 * D40)),=(E40 + (F40 + G40))
,,,,,,,,=(((E41 + (F41 + G41)) * C41) + (H41 * D41)),=(E41 + (F41 + G41))
,,,,,,,,=(((E42 + (F42 + G42)) * C42) + (H42 * D42)),=(E42 + (F42 + G42))
,,,,,,,,=(((E43 + (F43 + G43)) * C43) + (H43 * D43)),=(E43 + (F43 + G43))
,,,,,,,,=(((E44 + (F44 + G44)) * C44) + (H44 * D44)),=(E44 + (F44 + G44))
,,,,,,,,=(((E45 + (F45 + G45)) * C45) + (H45 * D45)),=(E45 + (F45 + G45))
,,,,,,,,=(((E46 + (F46 + G46)) * C46) + (H46 * D46)),=(E46 + (F46 + G46))
,,,,,,,,=(((E47 + (F47 + G47)) * C47) + (H47 * D47)),=(E47 + (F47 + G47))
,,,,,,,,=(((E48 + (F48 + G48)) * C48) + (H48 * D48)),=(E48 + (F48 + G48))
,,,,,,,,=(((E49 + (F49 + G49)) * C49) + (H49 * D49)),=(E49 + (F49 + G49))
,,,,,,,,=(((E50 + (F50 + G50)) * C50) + (H50 * D50)),=(E50 + (F50 + G50))
,,,,,,,,=(((E51 + (F51 + G51)) * C51) + (H51 * D51)),=(E51 + (F51 + G51))
,,,,,,,,=(((E52 + (F52 + G52)) * C52) + (H52 * D52)),=(E52 + (F52 + G52))
,,,,,,,,=(((E53 + (F53 + G53)) * C53) + (H53 * D53)),=(E53 + (F53 + G53))
,,,,,,,,=(((E54 + (F54 + G54)) * C54) + (H54 * D54)),=(E54 + (F54 + G54))
,,,,,,,,=(((E55 + (F55 + G55)) * C55) + (H55 * D55)),=(E55 + (F55 + G55))
,,,,,,,,=(((E56 + (F56 + G56)) * C56) + (H56 * D56)),=(E56 + (F56 + G56))
,,,,,,,,=(((E57 + (F57 + G57)) * C57) + (H57 * D57)),=(E57 + (F57 + G57))
,,,,,,,,=(((E58 + (F58 + G58)) * C58) + (H58 * D58)),=(E58 + (F58 + G58))
,,,,,,,,=(((E59 + (F59 + G59)) * C59) + (H59 * D59)),=(E59 + (F59 + G59))
,,,,,,,,=(((E60 + (F60 + G60)) * C60) + (H60 * D60)),=(E60 + (F60 + G60))
,,,,,,,,=(((E61 + (F61 + G61)) * C61) + (H61 * D61)),=(E61 + (F61 + G61))
,,,,,,,,=(((E62 + (F62 + G62)) * C62) + (H62 * D62)),=(E62 + (F62 + G62))
,,,,,,,,=(((E63 + (F63 + G63)) * C63) + (H63 * D63)),=(E63 + (F63 + G63))
,,,,,,,,=(((E64 + (F64 + G64)) * C64) + (H64 * D64)),=(E64 + (F64 + G64))
,,,,,,,,=(((E65 + (F65 + G65)) * C65) + (H65 * D65)),=(E65 + (F65 + G65))
,,,,,,,,=(((E66 + (F66 + G66)) * C66) + (H66 * D66)),=(E66 + (F66 + G66))
,,,,,,,,=(((E67 + (F67 + G67)) * C67) + (H67 * D67)),=(E67 + (F67 + G67))
,,,,,,,,=(((E68 + (F68 + G68)) * C68) + (H68 * D68)),=(E68 + (F68 + G68))
,,,,,,,,=(((E69 + (F69 + G69)) * C69) + (H69 * D69)),=(E69 + (F69 + G69))
,,,,,,,,=(((E70 + (F70 + G70)) * C70) + (H70 * D70)),=(E70 + (F70 + G70))
,,,,,,,,=(((E71 + (F71 + G71)) * C71) + (H71 * D71)),=(E71 + (F71 + G71))
,,,,,,,,=(((E72 + (F72 + G72)) * C72) + (H72 * D72)),=(E72 + (F72 + G72))
,,,,,,,,=(((E73 + (F73 + G73)) * C73) + (H73 * D73)),=(E73 + (F73 + G73))
,,,,,,,,=(((E74 + (F74 + G74)) * C74) + (H74 * D74)),=(E74 + (F74 + G74))
,,,,,,,,=(((E75 + (F75 + G75)) * C75) + (H75 * D75)),=(E75 + (F75 + G75))
,,,,,,,,=(((E76 + (F76 + G76)) * C76) + (H76 * D76)),=(E76 + (F76 + G76))
,,,,,,,,=(((E77 + (F77 + G77)) * C77) + (H77 * D77)),=(E77 + (F77 + G77))
,,,,,,,,=(((E78 + (F78 + G78)) * C78) + (H78 * D78)),=(E78 + (F78 + G78))
,,,,,,,,=(((E79 + (F79 + G79)) * C79) + (H79 * D79)),=(E79 + (F79 + G79))
,,,,,,,,=(((E80 + (F80 + G80)) * C80) + (H80 * D80)),=(E80 + (F80 + G80))
,,,,,,,,=(((E81 + (F81 + G81)) * C81) + (H81 * D81)),=(E81 + (F81 + G81))
,,,,,,,,=(((E82 + (F82 + G82)) * C82) + (H82 * D82)),=(E82 + (F82 + G82))
,,,,,,,,=(((E83 + (F83 + G83)) * C83) + (H83 * D83)),=(E83 + (F83 + G83))
,,,,,,,,=(((E84 + (F84 + G84)) * C84) + (H84 * D84)),=(E84 + (F84 + G84))
,,,,,,,,=(((E85 + (F85 + G85)) * C85) + (H85 * D85)),=(E85 + (F85 + G85))
,,,,,,,,=(((E86 + (F86 + G86)) * C86) + (H86 * D86)),=(E86 + (F86 + G86))
,,,,,,,,=(((E87 + (F87 + G87)) * C87) + (H87 * D87)),=(E87 + (F87 + G87))
,,,,,,,,=(((E88 + (F88 + G88)) * C88) + (H88 * D88)),=(E88 + (F88 + G88))
,,,,,,,,=(((E89 + (F89 + G89)) * C89) + (H89 * D89)),=(E89 + (F89 + G89))
,,,,,,,,=(((E90 + (F90 + G90)) * C90) + (H90 * D90)),=(E90 + (F90 + G90))
,,,,,,,,=(((E91 + (F91 + G91)) * C91) + (H91 * D91)),=(E91 + (F91 + G91))
,,,,,,,,=(((E92 + (F92 + G92)) * C92) + (H92 * D92)),=(E92 + (F92 + G92))
,,,,,,,,=(((E93 + (F93 + G93)) * C93) + (H93 * D93)),=(E93 + (F93 + G93))
,,,,,,,,=(((E94 + (F94 + G94)) * C94) + (H94 * D94)),=(E94 + (F94 + G94))
,,,,,,,,=(((E95 + (F95 + G95)) * C95) + (H95 * D95)),=(E95 + (F95 + G95))
,,,,,,,,=(((E96 + (F96 + G96)) * C96) + (H96 * D96)),=(E96 + (F96 + G96))
,,,,,,,,=(((E97 + (F97 + G97)) * C97) + (H97 * D97)),=(E97 + (F97 + G97))
,,,,,,,,=(((E98 + (F98 + G98)) * C98) + (H98 * D98)),=(E98 + (F98 + G98))
,,,,,,,,=(((E99 + (F99 + G99)) * C99) + (H99 * D99)),=(E99 + (F99 + G99))
,,,,,,,,=(((E100 + (F100 + G100)) * C100) + (H100 * D100)),=(E100 + (F100 + G100))
,,,,,,,,=(((E101 + (F101 + G101)) * C101) + (H101 * D101)),=(E101 + (F101 + G101))
,,,,,,,,=(((E102 + (F102 + G102)) * C102) + (H102 * D102)),=(E102 + (F102 + G102))
,,,,,,,,=(((E103 + (F103 + G103)) * C103) + (H103 * D103)),=(E103 + (F103 + G103))
,,,,,,,,=(((E104 + (F104 + G104)) * C104) + (H104 * D104)),=(E104 + (F104 + G104))
,,,,,,,,=(((E105 + (F105 + G105)) * C105) + (H105 * D105)),=(E105 + (F105 + G105))
,,,,,,,,=(((E106 + (F106 + G106)) * C106) + (H106 * D106)),=(E106 + (F106 + G106))
,,,,,,,,=(((E107 + (F107 + G107)) * C107) + (H107 * D107)),=(E107 + (F107 + G107))
,,,,,,,,=(((E108 + (F108 + G108)) * C108) + (H108 * D108)),=(E108 + (F108 + G108))
,,,,,,,,=(((E109 + (F109 + G109)) * C109) + (H109 * D109)),=(E109 + (F109 + G109))
,,,,,,,,=(((E110 + (F110 + G110)) * C110) + (H110 * D110)),=(E110 + (F110 + G110))
,,,,,,,,=(((E111 + (F111 + G111)) * C111) + (H111 * D111)),=(E111 + (F111 + G111))
,,,,,,,,=(((E112 + (F112 + G112)) * C112) + (H112 * D112)),=(E112 + (F112 + G112))
,,,,,,,,=(((E113 + (F113 + G113)) * C113) + (H113 * D113)),=(E113 + (F113 + G113))
,,,,,,,,=(((E114 + (F114 + G114)) * C114) + (H114 * D114)),=(E114 + (F114 + G114))
,,,,,,,,=(((E115 + (F115 + G115)) * C115) + (H115 * D115)),=(E115 + (F115 + G115))
,,,,,,,,=(((E116 + (F116 + G116)) * C116) + (H116 * D116)),=(E116 + (F116 + G116))
,,,,,,,,=(((E117 + (F117 + G117)) * C117) + (H117 * D117)),=(E117 + (F117 + G117))
,,,,,,,,=(((E118 + (F118 + G118)) * C118) + (H118 * D118)),=(E118 + (F118 + G118))
,,,,,,,,=(((E119 + (F119 + G119)) * C119) + (H119 * D119)),=(E119 + (F119 + G119))
,,,,,,,,=(((E120 + (F120 + G120)) * C120) + (H120 * D120)),=(E120 + (F120 + G120))
,,,,,,,,=(((E121 + (F121 + G121)) * C121) + (H121 * D121)),=(E121 + (F121 + G121))
,,,,,,,,=(((E122 + (F122 + G122)) * C122) + (H122 * D122)),=(E122 + (F122 + G122))
,,,,,,,,=(((E123 + (F123 + G123)) * C123) + (H123 * D123)),=(E123 + (F123 + G123))
,,,,,,,,=(((E124 + (F124 + G124)) * C124) + (H124 * D124)),=(E124 + (F124 + G124))
,,,,,,,,=(((E125 + (F125 + G125)) * C125) + (H125 * D125)),=(E125 + (F125 + G125))
,,,,,,,,=(((E126 + (F126 + G126)) * C126) + (H126 * D126)),=(E126 + (F126 + G126))
,,,,,,,,=(((E127 + (F127 + G127)) * C127) + (H127 * D127)),=(E127 + (F127 + G127))
,,,,,,,,=(((E128 + (F128 + G128)) * C128) + (H128 * D128)),=(E128 + (F128 + G128))
,,,,,,,,=(((E129 + (F129 + G129)) * C129) + (H129 * D129)),=(E129 + (F129 + G129))
,,,,,,,,=(((E130 + (F130 + G130)) * C130) + (H130 * D130)),=(E130 + (F130 + G130))
,,,,,,,,=(((E131 + (F131 + G131)) * C131) + (H131 * D131)),=(E131 + (F131 + G131))
,,,,,,,,=(((E132 + (F132 + G132)) * C132) + (H132 * D132)),=(E132 + (F132 + G132))
,,,,,,,,=(((E133 + (F133 + G133)) * C133) + (H133 * D133)),=(E133 + (F133 + G133))
,,,,,,,,=(((E134 + (F134 + G134)) * C134) + (H134 * D134)),=(E134 + (F134 + G134))
,,,,,,,,=(((E135 + (F135 + G135)) * C135) + (H135 * D135)),=(E135 + (F135 + G135))
,,,,,,,,=(((E136 + (F136 + G136)) * C136) + (H136 * D136)),=(E136 + (F136 + G136))
,,,,,,,,=(((E137 + (F137 + G137)) * C137) + (H137 * D137)),=(E137 + (F137 + G137))
,,,,,,,,=(((E138 + (F138 + G138)) * C138) + (H138 * D138)),=(E138 + (F138 + G138))
,,,,,,,,=(((E139 + (F139 + G139)) * C139) + (H139 * D139)),=(E139 + (F139 + G139))
,,,,,,,,=(((E140 + (F140 + G140)) * C140) + (H140 * D140)),=(E140 + (F140 + G140))
,,,,,,,,=(((E141 + (F141 + G141)) * C141) + (H141 * D141)),=(E141 + (F141 + G141))
,,,,,,,,=(((E142 + (F142 + G142)) * C142) + (H142 * D142)),=(E142 + (F142 + G142))
,,,,,,,,=(((E143 + (F143 + G143)) * C143) + (H143 * D143)),=(E143 + (F143 + G143))
,,,,,,,,=(((E144 + (F144 + G144)) * C144) + (H144 * D144)),=(E144 + (F144 + G144))
,,,,,,,,=(((E145 + (F145 + G145)) * C145) + (H145 * D145)),=(E145 + (F145 + G145))
,,,,,,,,=(((E146 + (F146 + G146)) * C146) + (H146 * D146)),=(E146 + (F146 + G146))
,,,,,,,,=(((E147 + (F147 + G147)) * C147) + (H147 * D147)),=(E147 + (F147 + G147))
,,,,,,,,=(((E148 + (F148 + G148)) * C148) + (H148 * D148)),=(E148 + (F148 + G148))
,,,,,,,,=(((E149 + (F149 + G149)) * C149) + (H149 * D149)),=(E149 + (F149 + G149))
,,,,,,,,=(((E150 + (F150 + G150)) * C150) + (H150 * D150)),=(E150 + (F150 + G150))
,,,,,,,,=(((E151 + (F151 + G151)) * C151) + (H151 * D151)),=(E151 + (F151 + G151))
,,,,,,,,=(((E152 + (F152 + G152)) * C152) + (H152 * D152)),=(E152 + (F152 + G152))
,,,,,,,,=(((E153 + (F153 + G153)) * C153) + (H153 * D153)),=(E153 + (F153 + G153))
,,,,,,,,=(((E154 + (F154 + G154)) * C154) + (H154 * D154)),=(E154 + (F154 + G154))
,,,,,,,,=(((E155 + (F155 + G155)) * C155) + (H155 * D155)),=(E155 + (F155 + G155))
,,,,,,,,=(((E156 + (F156 + G156)) * C156) + (H156 * D156)),=(E156 + (F156 + G156))
,,,,,,,,=(((E157 + (F157 + G157)) * C157) + (H157 * D157)),=(E157 + (F157 + G157))
,,,,,,,,=(((E158 + (F158 + G158)) * C158) + (H158 * D158)),=(E158 + (F158 + G158))
,,,,,,,,=(((E159 + (F159 + G159)) * C159) + (H159 * D159)),=(E159 + (F159 + G159))
,,,,,,,,=(((E160 + (F160 + G160)) * C160) + (H160 * D160)),=(E160 + (F160 + G160))
,,,,,,,,=(((E161 + (F161 + G161)) * C161) + (H161 * D161)),=(E161 + (F161 + G161))
,,,,,,,,=(((E162 + (F162 + G162)) * C162) + (H162 * D162)),=(E162 + (F162 + G162))
,,,,,,,,=(((E163 + (F163 + G163)) * C163) + (H163 * D163)),=(E163 + (F163 + G163))
,,,,,,,,=(((E164 + (F164 + G164)) * C164) + (H164 * D164)),=(E164 + (F164 + G164))
,,,,,,,,=(((E165 + (F165 + G165)) * C165) + (H165 * D165)),=(E165 + (F165 + G165))
,,,,,,,,=(((E166 + (F166 + G166)) * C166) + (H166 * D166)),=(E166 + (F166 + G166))
,,,,,,,,=(((E167 + (F167 + G167)) * C167) + (H167 * D167)),=(E167 + (F167 + G167))
,,,,,,,,=(((E168 + (F168 + G168)) * C168) + (H168 * D168)),=(E168 + (F168 + G168))
,,,,,,,,=(((E169 + (F169 + G169)) * C169) + (H169 * D169)),=(E169 + (F169 + G169))
,,,,,,,,=(((E170 + (F170 + G170)) * C170) + (H170 * D170)),=(E170 + (F170 + G170))
,,,,,,,,=(((E171 + (F171 + G171)) * C171) + (H171 * D171)),=(E171 + (F171 + G171))
,,,,,,,,=(((E172 + (F172 + G172)) * C172) + (H172 * D172)),=(E172 + (F172 + G172))
,,,,,,,,=(((E173 + (F173 + G173)) * C173) + (H173 * D173)),=(E173 + (F173 + G173))
,,,,,,,,=(((E174 + (F174 + G174)) * C174) + (H174 * D174)),=(E174 + (F174 + G174))
,,,,,,,,=(((E175 + (F175 + G175)) * C175) + (H175 * D175)),=(E175 + (F175 + G175))
,,,,,,,,=(((E176 + (F176 + G176)) * C176) + (H176 * D176)),=(E176 + (F176 + G176))
,,,,,,,,=(((E177 + (F177 + G177)) * C177) + (H177 * D177)),=(E177 + (F177 + G177))
,,,,,,,,=(((E178 + (F178 + G178)) * C178) + (H178 * D178)),=(E178 + (F178 + G178))
,,,,,,,,=(((E179 + (F179 + G179)) * C179) + (H179 * D179)),=(E179 + (F179 + G179))
,,,,,,,,=(((E180 + (F180 + G180)) * C180) + (H180 * D180)),=(E180 + (F180 + G180))
,,,,,,,,=(((E181 + (F181 + G181)) * C181) + (H181 * D181)),=(E181 + (F181 + G181))
,,,,,,,,=(((E182 + (F182 + G182)) * C182) + (H182 * D182)),=(E182 + (F182 + G182))
,,,,,,,,=(((E183 + (F183 + G183)) * C183) + (H183 * D183)),=(E183 + (F183 + G183))
,,,,,,,,=(((E184 + (F184 + G184)) * C184) + (H184 * D184)),=(E184 + (F184 + G184))
,,,,,,,,=(((E185 + (F185 + G185)) * C185) + (H185 * D185)),=(E185 + (F185 + G185))
,,,,,,,,=(((E186 + (F186 + G186)) * C186) + (H186 * D186)),=(E186 + (F186 + G186))
,,,,,,,,=(((E187 + (F187 + G187)) * C187) + (H187 * D187)),=(E187 + (F187 + G187))
,,,,,,,,=(((E188 + (F188 + G188)) * C188) + (H188 * D188)),=(E188 + (F188 + G188))
,,,,,,,,=(((E189 + (F189 + G189)) * C189) + (H189 * D189)),=(E189 + (F189 + G189))
,,,,,,,,=(((E190 + (F190 + G190)) * C190) + (H190 * D190)),=(E190 + (F190 + G190))
,,,,,,,,=(((E191 + (F191 + G191)) * C191) + (H191 * D191)),=(E191 + (F191 + G191))
,,,,,,,,=(((E192 + (F192 + G192)) * C192) + (H192 * D192)),=(E192 + (F192 + G192))
,,,,,,,,=(((E193 + (F193 + G193)) * C193) + (H193 * D193)),=(E193 + (F193 + G193))
,,,,,,,,=(((E194 + (F194 + G194)) * C194) + (H194 * D194)),=(E194 + (F194 + G194))
,,,,,,,,=(((E195 + (F195 + G195)) * C195) + (H195 * D195)),=(E195 + (F195 + G195))
,,,,,,,,=(((E196 + (F196 + G196)) * C196) + (H196 * D196)),=(E196 + (F196 + G196))
,,,,,,,,=(((E197 + (F197 + G197)) * C197) + (H197 * D197)),=(E197 + (F197 + G197))
,,,,,,,,=(((E198 + (F198 + G198)) * C198) + (H198 * D198)),=(E198 + (F198 + G198))
,,,,,,,,=(((E199 + (F199 + G199)) * C199) + (H199 * D199)),=(E199 + (F199 + G199))
,,,,,,,,=(((E200 + (F200 + G200)) * C200) + (H200 * D200)),=(E200 + (F200 + G200))
,,,,,,,,=(((E201 + (F201 + G201)) * C201) + (H201 * D201)),=(E201 + (F201 + G201))
,,,,,,,,=(((E202 + (F202 + G202)) * C202) + (H202 * D202)),=(E202 + (F202 + G202))
,,,,,,,,=(((E203 + (F203 + G203)) * C203) + (H203 * D203)),=(E203 + (F203 + G203))
,,,,,,,,=(((E204 + (F204 + G204)) * C204) + (H204 * D204)),=(E204 + (F204 + G204))
,,,,,,,,=(((E205 + (F205 + G205)) * C205) + (H205 * D205)),=(E205 + (F205 + G205))
,,,,,,,,=(((E206 + (F206 + G206)) * C206) + (H206 * D206)),=(E206 + (F206 + G206))
,,,,,,,,=(((E207 + (F207 + G207)) * C207) + (H207 * D207)),=(E207 + (F207 + G207))
,,,,,,,,=(((E208 + (F208 + G208)) * C208) + (H208 * D208)),=(E208 + (F208 + G208))
,,,,,,,,=(((E209 + (F209 + G209)) * C209) + (H209 * D209)),=(E209 + (F209 + G209))
,,,,,,,,=(((E210 + (F210 + G210)) * C210) + (H210 * D210)),=(E210 + (F210 + G210))
,,,,,,,,=(((E211 + (F211 + G211)) * C211) + (H211 * D211)),=(E211 + (F211 + G211))
,,,,,,,,=(((E212 + (F212 + G212)) * C212) + (H212 * D212)),=(E212 + (F212 + G212))
,,,,,,,,=(((E213 + (F213 + G213)) * C213) + (H213 * D213)),=(E213 + (F213 + G213))
,,,,,,,,=(((E214 + (F214 + G214)) * C214) + (H214 * D214)),=(E214 + (F214 + G214))
,,,,,,,,=(((E215 + (F215 + G215)) * C215) + (H215 * D215)),=(E215 + (F215 + G215))
,,,,,,,,=(((E216 + (F216 + G216)) * C216) + (H216 * D216)),=(E216 + (F216 + G216))
,,,,,,,,=(((E217 + (F217 + G217)) * C217) + (H217 * D217)),=(E217 + (F217 + G217))
,,,,,,,,=(((E218 + (F218 + G218)) * C218) + (H218 * D218)),=(E218 + (F218 + G218))
,,,,,,,,=(((E219 + (F219 + G219)) * C219) + (H219 * D219)),=(E219 + (F219 + G219))
,,,,,,,,=(((E220 + (F220 + G220)) * C220) + (H220 * D220)),=(E220 + (F220 + G220))
,,,,,,,,=(((E221 + (F221 + G221)) * C221) + (H221 * D221)),=(E221 + (F221 + G221))
,,,,,,,,=(((E222 + (F222 + G222)) * C222) + (H222 * D222)),=(E222 + (F222 + G222))
,,,,,,,,=(((E223 + (F223 + G223)) * C223) + (H223 * D223)),=(E223 + (F223 + G223))
,,,,,,,,=(((E224 + (F224 + G224)) * C224) + (H224 * D224)),=(E224 + (F224 + G224))
,,,,,,,,=(((E225 + (F225 + G225)) * C225) + (H225 * D225)),=(E225 + (F225 + G225))
,,,,,,,,=(((E226 + (F226 + G226)) * C226) + (H226 * D226)),=(E226 + (F226 + G226))
,,,,,,,,=(((E227 + (F227 + G227)) * C227) + (H227 * D227)),=(E227 + (F227 + G227))
,,,,,,,,=(((E228 + (F228 + G228)) * C228) + (H228 * D228)),=(E228 + (F228 + G228))
,,,,,,,,=(((E229 + (F229 + G229)) * C229) + (H229 * D229)),=(E229 + (F229 + G229))
,,,,,,,,=(((E230 + (F230 + G230)) * C230) + (H230 * D230)),=(E230 + (F230 + G230))
,,,,,,,,=(((E231 + (F231 + G231)) * C231) + (H231 * D231)),=(E231 + (F231 + G231))
,,,,,,,,=(((E232 + (F232 + G232)) * C232) + (H232 * D232)),=(E232 + (F232 + G232))
,,,,,,,,=(((E233 + (F233 + G233)) * C233) + (H233 * D233)),=(E233 + (F233 + G233))
,,,,,,,,=(((E234 + (F234 + G234)) * C234) + (H234 * D234)),=(E234 + (F234 + G234))
,,,,,,,,=(((E235 + (F235 + G235)) * C235) + (H235 * D235)),=(E235 + (F235 + G235))
,,,,,,,,=(((E236 + (F236 + G236)) * C236) + (H236 * D236)),=(E236 + (F236 + G236))
,,,,,,,,=(((E237 + (F237 + G237)) * C237) + (H237 * D237)),=(E237 + (F237 + G237))
,,,,,,,,=(((E238 + (F238 + G238)) * C238) + (H238 * D238)),=(E238 + (F238 + G238))
,,,,,,,,=(((E239 + (F239 + G239)) * C239) + (H239 * D239)),=(E239 + (F239 + G239))
,,,,,,,,=(((E240 + (F240 + G240)) * C240) + (H240 * D240)),=(E240 + (F240 + G240))
,,,,,,,,=(((E241 + (F241 + G241)) * C241) + (H241 * D241)),=(E241 + (F241 + G241))
,,,,,,,,=(((E242 + (F242 + G242)) * C242) + (H242 * D242)),=(E242 + (F242 + G242))
,,,,,,,,=(((E243 + (F243 + G243)) * C243) + (H243 * D243)),=(E243 + (F243 + G243))
,,,,,,,,=(((E244 + (F244 + G244)) * C244) + (H244 * D244)),=(E244 + (F244 + G244))
,,,,,,,,=(((E245 + (F245 + G245)) * C245) + (H245 * D245)),=(E245 + (F245 + G245))
,,,,,,,,=(((E246 + (F246 + G246)) * C246) + (H246 * D246)),=(E246 + (F246 + G246))
,,,,,,,,=(((E247 + (F247 + G247)) * C247) + (H247 * D247)),=(E247 + (F247 + G247))
,,,,,,,,=(((E248 + (F248 + G248)) * C248) + (H248 * D248)),=(E248 + (F248 + G248))
,,,,,,,,=(((E249 + (F249 + G249)) * C249) + (H249 * D249)),=(E249 + (F249 + G249))
,,,,,,,,=(((E250 + (F250 + G250)) * C250) + (H250 * D250)),=(E250 + (F250 + G250))
,,,,,,,,=(((E251 + (F251 + G251)) * C251) + (H251 * D251)),=(E251 + (F251 + G251))
,,,,,,,,=(((E252 + (F252 + G252)) * C252) + (H252 * D252)),=(E252 + (F252 + G252))
,,,,,,,,=(((E253 + (F253 + G253)) * C253) + (H253 * D253)),=(E253 + (F253 + G253))
,,,,,,,,=(((E254 + (F254 + G254)) * C254) + (H254 * D254)),=(E254 + (F254 + G254))
,,,,,,,,=(((E255 + (F255 + G255)) * C255) + (H255 * D255)),=(E255 + (F255 + G255))
,,,,,,,,=(((E256 + (F256 + G256)) * C256) + (H256 * D256)),=(E256 + (F256 + G256))
,,,,,,,,=(((E257 + (F257 + G257)) * C257) + (H257 * D257)),=(E257 + (F257 + G257))
,,,,,,,,=(((E258 + (F258 + G258)) * C258) + (H258 * D258)),=(E258 + (F258 + G258))
,,,,,,,,=(((E259 + (F259 + G259)) * C259) + (H259 * D259)),=(E259 + (F259 + G259))
,,,,,,,,=(((E260 + (F260 + G260)) * C260) + (H260 * D260)),=(E260 + (F260 + G260))
,,,,,,,,=(((E261 + (F261 + G261)) * C261) + (H261 * D261)),=(E261 + (F261 + G261))
,,,,,,,,=(((E262 + (F262 + G262)) * C262) + (H262 * D262)),=(E262 + (F262 + G262))
,,,,,,,,=(((E263 + (F263 + G263)) * C263) + (H263 * D263)),=(E263 + (F263 + G263))
,,,,,,,,=(((E264 + (F264 + G264)) * C264) + (H264 * D264)),=(E264 + (F264 + G264))
,,,,,,,,=(((E265 + (F265 + G265)) * C265) + (H265 * D265)),=(E265 + (F265 + G265))
,,,,,,,,=(((E266 + (F266 + G266)) * C266) + (H266 * D266)),=(E266 + (F266 + G266))
,,,,,,,,=(((E267 + (F267 + G267)) * C267) + (H267 * D267)),=(E267 + (F267 + G267))
,,,,,,,,=(((E268 + (F268 + G268)) * C268) + (H268 * D268)),=(E268 + (F268 + G268))
,,,,,,,,=(((E269 + (F269 + G269)) * C269) + (H269 * D269)),=(E269 + (F269 + G269))
,,,,,,,,=(((E270 + (F270 + G270)) * C270) + (H270 * D270)),=(E270 + (F270 + G270))
,,,,,,,,=(((E271 + (F271 + G271)) * C271) + (H271 * D271)),=(E271 + (F271 + G271))
,,,,,,,,=(((E272 + (F272 + G272)) * C272) + (H272 * D272)),=(E272 + (F272 + G272))
,,,,,,,,=(((E273 + (F273 + G273)) * C273) + (H273 * D273)),=(E273 + (F273 + G273))
,,,,,,,,=(((E274 + (F274 + G274)) * C274) + (H274 * D274)),=(E274 + (F274 + G274))
,,,,,,,,=(((E275 + (F275 + G275)) * C275) + (H275 * D275)),=(E275 + (F275 + G275))
,,,,,,,,=(((E276 + (F276 + G276)) * C276) + (H276 * D276)),=(E276 + (F276 + G276))
,,,,,,,,=(((E277 + (F277 + G277)) * C277) + (H277 * D277)),=(E277 + (F277 + G277))
,,,,,,,,=(((E278 + (F278 + G278)) * C278) + (H278 * D278)),=(E278 + (F278 + G278))
,,,,,,,,=(((E279 + (F279 + G279)) * C279) + (H279 * D279)),=(E279 + (F279 + G279))
,,,,,,,,=(((E280 + (F280 + G280)) * C280) + (H280 * D280)),=(E280 + (F280 + G280))
,,,,,,,,=(((E281 + (F281 + G281)) * C281) + (H281 * D281)),=(E281 + (F281 + G281))
,,,,,,,,=(((E282 + (F282 + G282)) * C282) + (H282 * D282)),=(E282 + (F282 + G282))
,,,,,,,,=(((E283 + (F283 + G283)) * C283) + (H283 * D283)),=(E283 + (F283 + G283))
,,,,,,,,=(((E284 + (F284 + G284)) * C284) + (H284 * D284)),=(E284 + (F284 + G284))
,,,,,,,,=(((E285 + (F285 + G285)) * C285) + (H285 * D285)),=(E285 + (F285 + G285))
,,,,,,,,=(((E286 + (F286 + G286)) * C286) + (H286 * D286)),=(E286 + (F286 + G286))
,,,,,,,,=(((E287 + (F287 + G287)) * C287) + (H287 * D287)),=(E287 + (F287 + G287))
,,,,,,,,=(((E288 + (F288 + G288)) * C288) + (H288 * D288)),=(E288 + (F288 + G288))
,,,,,,,,=(((E289 + (F289 + G289)) * C289) + (H289 * D289)),=(E289 + (F289 + G289))
,,,,,,,,=(((E290 + (F290 + G290)) * C290) + (H290 * D290)),=(E290 + (F290 + G290))
,,,,,,,,=(((E291 + (F291 + G291)) * C291) + (H291 * D291)),=(E291 + (F291 + G291))
,,,,,,,,=(((E292 + (F292 + G292)) * C292) + (H292 * D292)),=(E292 + (F292 + G292))
,,,,,,,,=(((E293 + (F293 + G293)) * C293) + (H293 * D293)),=(E293 + (F293 + G293))
,,,,,,,,=(((E294 + (F294 + G294)) * C294) + (H294 * D294)),=(E294 + (F294 + G294))
,,,,,,,,=(((E295 + (F295 + G295)) * C295) + (H295 * D295)),=(E295 + (F295 + G295))
,,,,,,,,=(((E296 + (F296 + G296)) * C296) + (H296 * D296)),=(E296 + (F296 + G296))
,,,,,,,,=(((E297 + (F297 + G297)) * C297) + (H297 * D297)),=(E297 + (F297 + G297))
,,,,,,,,=(((E298 + (F298 + G298)) * C298) + (H298 * D298)),=(E298 + (F298 + G298))
,,,,,,,,=(((E299 + (F299 + G299)) * C299) + (H299 * D299)),=(E299 + (F299 + G299))
,,,,,,,,=(((E300 + (F300 + G300)) * C300) + (H300 * D300)),=(E300 + (F300 + G300))
,,,,,,,,=(((E301 + (F301 + G301)) * C301) + (H301 * D301)),=(E301 + (F301 + G301))
,,,,,,,,=(((E302 + (F302 + G302)) * C302) + (H302 * D302)),=(E302 + (F302 + G302))
,,,,,,,,=(((E303 + (F303 + G303)) * C303) + (H303 * D303)),=(E303 + (F303 + G303))
,,,,,,,,=(((E304 + (F304 + G304)) * C304) + (H304 * D304)),=(E304 + (F304 + G304))
,,,,,,,,=(((E305 + (F305 + G305)) * C305) + (H305 * D305)),=(E305 + (F305 + G305))
,,,,,,,,=(((E306 + (F306 + G306)) * C306) + (H306 * D306)),=(E306 + (F306 + G306))
,,,,,,,,=(((E307 + (F307 + G307)) * C307) + (H307 * D307)),=(E307 + (F307 + G307))
,,,,,,,,=(((E308 + (F308 + G308)) * C308) + (H308 * D308)),=(E308 + (F308 + G308))
,,,,,,,,=(((E309 + (F309 + G309)) * C309) + (H309 * D309)),=(E309 + (F309 + G309))
,,,,,,,,=(((E310 + (F310 + G310)) * C310) + (H310 * D310)),=(E310 + (F310 + G310))
,,,,,,,,=(((E311 + (F311 + G311)) * C311) + (H311 * D311)),=(E311 + (F311 + G311))
,,,,,,,,=(((E312 + (F312 + G312)) * C312) + (H312 * D312)),=(E312 + (F312 + G312))
,,,,,,,,=(((E313 + (F313 + G313)) * C313) + (H313 * D313)),=(E313 + (F313 + G313))
,,,,,,,,=(((E314 + (F314 + G314)) * C314) + (H314 * D314)),=(E314 + (F314 + G314))
,,,,,,,,=(((E315 + (F315 + G315)) * C315) + (H315 * D315)),=(E315 + (F315 + G315))
,,,,,,,,=(((E316 + (F316 + G316)) * C316) + (H316 * D316)),=(E316 + (F316 + G316))
,,,,,,,,=(((E317 + (F317 + G317)) * C317) + (H317 * D317)),=(E317 + (F317 + G317))
,,,,,,,,=(((E318 + (F318 + G318)) * C318) + (H318 * D318)),=(E318 + (F318 + G318))
,,,,,,,,=(((E319 + (F319 + G319)) * C319) + (H319 * D319)),=(E319 + (F319 + G319))
,,,,,,,,=(((E320 + (F320 + G320)) * C320) + (H320 * D320)),=(E320 + (F320 + G320))
,,,,,,,,=(((E321 + (F321 + G321)) * C321) + (H321 * D321)),=(E321 + (F321 + G321))
,,,,,,,,=(((E322 + (F322 + G322)) * C322) + (H322 * D322)),=(E322 + (F322 + G322))
,,,,,,,,=(((E323 + (F323 + G323)) * C323) + (H323 * D323)),=(E323 + (F323 + G323))
,,,,,,,,=(((E324 + (F324 + G324)) * C324) + (H324 * D324)),=(E324 + (F324 + G324))
,,,,,,,,=(((E325 + (F325 + G325)) * C325) + (H325 * D325)),=(E325 + (F325 + G325))
,,,,,,,,=(((E326 + (F326 + G326)) * C326) + (H326 * D326)),=(E326 + (F326 + G326))
,,,,,,,,=(((E327 + (F327 + G327)) * C327) + (H327 * D327)),=(E327 + (F327 + G327))
,,,,,,,,=(((E328 + (F328 + G328)) * C328) + (H328 * D328)),=(E328 + (F328 + G328))
,,,,,,,,=(((E329 + (F329 + G329)) * C329) + (H329 * D329)),=(E329 + (F329 + G329))
,,,,,,,,=(((E330 + (F330 + G330)) * C330) + (H330 * D330)),=(E330 + (F330 + G330))
,,,,,,,,=(((E331 + (F331 + G331)) * C331) + (H331 * D331)),=(E331 + (F331 + G331))
,,,,,,,,=(((E332 + (F332 + G332)) * C332) + (H332 * D332)),=(E332 + (F332 + G332))
,,,,,,,,=(((E333 + (F333 + G333)) * C333) + (H333 * D333)),=(E333 + (F333 + G333))
,,,,,,,,=(((E334 + (F334 + G334)) * C334) + (H334 * D334)),=(E334 + (F334 + G334))
,,,,,,,,=(((E335 + (F335 + G335)) * C335) + (H335 * D335)),=(E335 + (F335 + G335))
,,,,,,,,=(((E336 + (F336 + G336)) * C336) + (H336 * D336)),=(E336 + (F336 + G336))
,,,,,,,,=(((E337 + (F337 + G337)) * C337) + (H337 * D337)),=(E337 + (F337 + G337))
,,,,,,,,=(((E338 + (F338 + G338)) * C338) + (H338 * D338)),=(E338 + (F338 + G338))
,,,,,,,,=(((E339 + (F339 + G339)) * C339) + (H339 * D339)),=(E339 + (F339 + G339))
,,,,,,,,=(((E340 + (F340 + G340)) * C340) + (H340 * D340)),=(E340 + (F340 + G340))
,,,,,,,,=(((E341 + (F341 + G341)) * C341) + (H341 * D341)),=(E341 + (F341 + G341))
,,,,,,,,=(((E342 + (F342 + G342)) * C342) + (H342 * D342)),=(E342 + (F342 + G342))
,,,,,,,,=(((E343 + (F343 + G343)) * C343) + (H343 * D343)),=(E343 + (F343 + G343))
,,,,,,,,=(((E344 + (F344 + G344)) * C344) + (H344 * D344)),=(E344 + (F344 + G344))
,,,,,,,,=(((E345 + (F345 + G345)) * C345) + (H345 * D345)),=(E345 + (F345 + G345))
,,,,,,,,=(((E346 + (F346 + G346)) * C346) + (H346 * D346)),=(E346 + (F346 + G346))
,,,,,,,,=(((E347 + (F347 + G347)) * C347) + (H347 * D347)),=(E347 + (F347 + G347))
,,,,,,,,=(((E348 + (F348 + G348)) * C348) + (H348 * D348)),=(E348 + (F348 + G348))
,,,,,,,,=(((E349 + (F349 + G349)) * C349) + (H349 * D349)),=(E349 + (F349 + G349))
,,,,,,,,=(((E350 + (F350 + G350)) * C350) + (H350 * D350)),=(E350 + (F350 + G350))
,,,,,,,,=(((E351 + (F351 + G351)) * C351) + (H351 * D351)),=(E351 + (F351 + G351))
,,,,,,,,=(((E352 + (F352 + G352)) * C352) + (H352 * D352)),=(E352 + (F352 + G352))
,,,,,,,,=(((E353 + (F353 + G353)) * C353) + (H353 * D353)),=(E353 + (F353 + G353))
,,,,,,,,=(((E354 + (F354 + G354)) * C354) + (H354 * D354)),=(E354 + (F354 + G354))
,,,,,,,,=(((E355 + (F355 + G355)) * C355) + (H355 * D355)),=(E355 + (F355 + G355))
,,,,,,,,=(((E356 + (F356 + G356)) * C356) + (H356 * D356)),=(E356 + (F356 + G356))
,,,,,,,,=(((E357 + (F357 + G357)) * C357) + (H357 * D357)),=(E357 + (F357 + G357))
,,,,,,,,=(((E358 + (F358 + G358)) * C358) + (H358 * D358)),=(E358 + (F358 + G358))
,,,,,,,,=(((E359 + (F359 + G359)) * C359) + (H359 * D359)),=(E359 + (F359 + G359))
,,,,,,,,=(((E360 + (F360 + G360)) * C360) + (H360 * D360)),=(E360 + (F360 + G360))
,,,,,,,,=(((E361 + (F361 + G361)) * C361) + (H361 * D361)),=(E361 + (F361 + G361))
,,,,,,,,=(((E362 + (F362 + G362)) * C362) + (H362 * D362)),=(E362 + (F362 + G362))
,,,,,,,,=(((E363 + (F363 + G363)) * C363) + (H363 * D363)),=(E363 + (F363 + G363))
,,,,,,,,=(((E364 + (F364 + G364)) * C364) + (H364 * D364)),=(E364 + (F364 + G364))
,,,,,,,,=(((E365 + (F365 + G365)) * C365) + (H365 * D365)),=(E365 + (F365 + G365))
,,,,,,,,=(((E366 + (F366 + G366)) * C366) + (H366 * D366)),=(E366 + (F366 + G366))
,,,,,,,,=(((E367 + (F367 + G367)) * C367) + (H367 * D367)),=(E367 + (F367 + G367))
,,,,,,,,=(((E368 + (F368 + G368)) * C368) + (H368 * D368)),=(E368 + (F368 + G368))
,,,,,,,,=(((E369 + (F369 + G369)) * C369) + (H369 * D369)),=(E369 + (F369 + G369))
,,,,,,,,=(((E370 + (F370 + G370)) * C370) + (H370 * D370)),=(E370 + (F370 + G370))
,,,,,,,,=(((E371 + (F371 + G371)) * C371) + (H371 * D371)),=(E371 + (F371 + G371))
,,,,,,,,=(((E372 + (F372 + G372)) * C372) + (H372 * D372)),=(E372 + (F372 + G372))
,,,,,,,,=(((E373 + (F373 + G373)) * C373) + (H373 * D373)),=(E373 + (F373 + G373))
,,,,,,,,=(((E374 + (F374 + G374)) * C374) + (H374 * D374)),=(E374 + (F374 + G374))
,,,,,,,,=(((E375 + (F375 + G375)) * C375) + (H375 * D375)),=(E375 + (F375 + G375))
,,,,,,,,=(((E376 + (F376 + G376)) * C376) + (H376 * D376)),=(E376 + (F376 + G376))
,,,,,,,,=(((E377 + (F377 + G377)) * C377) + (H377 * D377)),=(E377 + (F377 + G377))
,,,,,,,,=(((E378 + (F378 + G378)) * C378) + (H378 * D378)),=(E378 + (F378 + G378))
,,,,,,,,=(((E379 + (F379 + G379)) * C379) + (H379 * D379)),=(E379 + (F379 + G379))
,,,,,,,,=(((E380 + (F380 + G380)) * C380) + (H380 * D380)),=(E380 + (F380 + G380))
,,,,,,,,=(((E381 + (F381 + G381)) * C381) + (H381 * D381)),=(E381 + (F381 + G381))
,,,,,,,,=(((E382 + (F382 + G382)) * C382) + (H382 * D382)),=(E382 + (F382 + G382))
,,,,,,,,=(((E383 + (F383 + G383)) * C383) + (H383 * D383)),=(E383 + (F383 + G383))
,,,,,,,,=(((E384 + (F384 + G384)) * C384) + (H384 * D384)),=(E384 + (F384 + G384))
,,,,,,,,=(((E385 + (F385 + G385)) * C385) + (H385 * D385)),=(E385 + (F385 + G385))
,,,,,,,,=(((E386 + (F386 + G386)) * C386) + (H386 * D386)),=(E386 + (F386 + G386))
,,,,,,,,=(((E387 + (F387 + G387)) * C387) + (H387 * D387)),=(E387 + (F387 + G387))
,,,,,,,,=(((E388 + (F388 + G388)) * C388) + (H388 * D388)),=(E388 + (F388 + G388))
,,,,,,,,=(((E389 + (F389 + G389)) * C389) + (H389 * D389)),=(E389 + (F389 + G389))
,,,,,,,,=(((E390 + (F390 + G390)) * C390) + (H390 * D390)),=(E390 + (F390 + G390))
,,,,,,,,=(((E391 + (F391 + G391)) * C391) + (H391 * D391)),=(E391 + (F391 + G391))
,,,,,,,,=(((E392 + (F392 + G392)) * C392) + (H392 * D392)),=(E392 + (F392 + G392))
,,,,,,,,=(((E393 + (F393 + G393)) * C393) + (H393 * D393)),=(E393 + (F393 + G393))
,,,,,,,,=(((E394 + (F394 + G394)) * C394) + (H394 * D394)),=(E394 + (F394 + G394))
,,,,,,,,=(((E395 + (F395 + G395)) * C395) + (H395 * D395)),=(E395 + (F395 + G395))
,,,,,,,,=(((E396 + (F396 + G396)) * C396) + (H396 * D396)),=(E396 + (F396 + G396))
,,,,,,,,=(((E397 + (F397 + G397)) * C397) + (H397 * D397)),=(E397 + (F397 + G397))
,,,,,,,,=(((E398 + (F398 + G398)) * C398) + (H398 * D398)),=(E398 + (F398 + G398))
,,,,,,,,=(((E399 + (F399 + G399)) * C399) + (H399 * D399)),=(E399 + (F399 + G399))
,,,,,,,,=(((E400 + (F400 + G400)) * C400) + (H400 * D400)),=(E400 + (F400 + G400))
,,,,,,,,=(((E401 + (F401 + G401)) * C401) + (H401 * D401)),=(E401 + (F401 + G401))
,,,,,,,,=(((E402 + (F402 + G402)) * C402) + (H402 * D402)),=(E402 + (F402 + G402))
,,,,,,,,=(((E403 + (F403 + G403)) * C403) + (H403 * D403)),=(E403 + (F403 + G403))
,,,,,,,,=(((E404 + (F404 + G404)) * C404) + (H404 * D404)),=(E404 + (F404 + G404))
,,,,,,,,=(((E405 + (F405 + G405)) * C405) + (H405 * D405)),=(E405 + (F405 + G405))
,,,,,,,,=(((E406 + (F406 + G406)) * C406) + (H406 * D406)),=(E406 + (F406 + G406))
,,,,,,,,=(((E407 + (F407 + G407)) * C407) + (H407 * D407)),=(E407 + (F407 + G407))
,,,,,,,,=(((E408 + (F408 + G408)) * C408) + (H408 * D408)),=(E408 + (F408 + G408))
,,,,,,,,=(((E409 + (F409 + G409)) * C409) + (H409 * D409)),=(E409 + (F409 + G409))
,,,,,,,,=(((E410 + (F410 + G410)) * C410) + (H410 * D410)),=(E410 + (F410 + G410))
,,,,,,,,=(((E411 + (F411 + G411)) * C411) + (H411 * D411)),=(E411 + (F411 + G411))
,,,,,,,,=(((E412 + (F412 + G412)) * C412) + (H412 * D412)),=(E412 + (F412 + G412))
,,,,,,,,=(((E413 + (F413 + G413)) * C413) + (H413 * D413)),=(E413 + (F413 + G413))
,,,,,,,,=(((E414 + (F414 + G414)) * C414) + (H414 * D414)),=(E414 + (F414 + G414))
,,,,,,,,=(((E415 + (F415 + G415)) * C415) + (H415 * D415)),=(E415 + (F415 + G415))
,,,,,,,,=(((E416 + (F416 + G416)) * C416) + (H416 * D416)),=(E416 + (F416 + G416))
,,,,,,,,=(((E417 + (F417 + G417)) * C417) + (H417 * D417)),=(E417 + (F417 + G417))
,,,,,,,,=(((E418 + (F418 + G418)) * C418) + (H418 * D418)),=(E418 + (F418 + G418))
,,,,,,,,=(((E419 + (F419 + G419)) * C419) + (H419 * D419)),=(E419 + (F419 + G419))
,,,,,,,,=(((E420 + (F420 + G420)) * C420) + (H420 * D420)),=(E420 + (F420 + G420))
,,,,,,,,=(((E421 + (F421 + G421)) * C421) + (H421 * D421)),=(E421 + (F421 + G421))
,,,,,,,,=(((E422 + (F422 + G422)) * C422) + (H422 * D422)),=(E422 + (F422 + G422))
,,,,,,,,=(((E423 + (F423 + G423)) * C423) + (H423 * D423)),=(E423 + (F423 + G423))
,,,,,,,,=(((E424 + (F424 + G424)) * C424) + (H424 * D424)),=(E424 + (F424 + G424))
,,,,,,,,=(((E425 + (F425 + G425)) * C425) + (H425 * D425)),=(E425 + (F425 + G425))
,,,,,,,,=(((E426 + (F426 + G426)) * C426) + (H426 * D426)),=(E426 + (F426 + G426))
,,,,,,,,=(((E427 + (F427 + G427)) * C427) + (H427 * D427)),=(E427 + (F427 + G427))
,,,,,,,,=(((E428 + (F428 + G428)) * C428) + (H428 * D428)),=(E428 + (F428 + G428))
,,,,,,,,=(((E429 + (F429 + G429)) * C429) + (H429 * D429)),=(E429 + (F429 + G429))
,,,,,,,,=(((E430 + (F430 + G430)) * C430) + (H430 * D430)),=(E430 + (F430 + G430))
,,,,,,,,=(((E431 + (F431 + G431)) * C431) + (H431 * D431)),=(E431 + (F431 + G431))
,,,,,,,,=(((E432 + (F432 + G432)) * C432) + (H432 * D432)),=(E432 + (F432 + G432))
,,,,,,,,=(((E433 + (F433 + G433)) * C433) + (H433 * D433)),=(E433 + (F433 + G433))
,,,,,,,,=(((E434 + (F434 + G434)) * C434) + (H434 * D434)),=(E434 + (F434 + G434))
,,,,,,,,=(((E435 + (F435 + G435)) * C435) + (H435 * D435)),=(E435 + (F435 + G435))
,,,,,,,,=(((E436 + (F436 + G436)) * C436) + (H436 * D436)),=(E436 + (F436 + G436))
,,,,,,,,=(((E437 + (F437 + G437)) * C437) + (H437 * D437)),=(E437 + (F437 + G437))
,,,,,,,,=(((E438 + (F438 + G438)) * C438) + (H438 * D438)),=(E438 + (F438 + G438))
,,,,,,,,=(((E439 + (F439 + G439)) * C439) + (H439 * D439)),=(E439 + (F439 + G439))
,,,,,,,,=(((E440 + (F440 + G440)) * C440) + (H440 * D440)),=(E440 + (F440 + G440))
,,,,,,,,=(((E441 + (F441 + G441)) * C441) + (H441 * D441)),=(E441 + (F441 + G441))
,,,,,,,,=(((E442 + (F442 + G442)) * C442) + (H442 * D442)),=(E442 + (F442 + G442))
,,,,,,,,=(((E443 + (F443 + G443)) * C443) + (H443 * D443)),=(E443 + (F443 + G443))
,,,,,,,,=(((E444 + (F444 + G444)) * C444) + (H444 * D444)),=(E444 + (F444 + G444))
,,,,,,,,=(((E445 + (F445 + G445)) * C445) + (H445 * D445)),=(E445 + (F445 + G445))
,,,,,,,,=(((E446 + (F446 + G446)) * C446) + (H446 * D446)),=(E446 + (F446 + G446))
,,,,,,,,=(((E447 + (F447 + G447)) * C447) + (H447 * D447)),=(E447 + (F447 + G447))
,,,,,,,,=(((E448 + (F448 + G448)) * C448) + (H448 * D448)),=(E448 + (F448 + G448))
,,,,,,,,=(((E449 + (F449 + G449)) * C449) + (H449 * D449)),=(E449 + (F449 + G449))
,,,,,,,,=(((E450 + (F450 + G450)) * C450) + (H450 * D450)),=(E450 + (F450 + G450))
,,,,,,,,=(((E451 + (F451 + G451)) * C451) + (H451 * D451)),=(E451 + (F451 + G451))
,,,,,,,,=(((E452 + (F452 + G452)) * C452) + (H452 * D452)),=(E452 + (F452 + G452))
,,,,,,,,=(((E453 + (F453 + G453)) * C453) + (H453 * D453)),=(E453 + (F453 + G453))
,,,,,,,,=(((E454 + (F454 + G454)) * C454) + (H454 * D454)),=(E454 + (F454 + G454))
,,,,,,,,=(((E455 + (F455 + G455)) * C455) + (H455 * D455)),=(E455 + (F455 + G455))
,,,,,,,,=(((E456 + (F456 + G456)) * C456) + (H456 * D456)),=(E456 + (F456 + G456))
,,,,,,,,=(((E457 + (F457 + G457)) * C457) + (H457 * D457)),=(E457 + (F457 + G457))
,,,,,,,,=(((E458 + (F458 + G458)) * C458) + (H458 * D458)),=(E458 + (F458 + G458))
,,,,,,,,=(((E459 + (F459 + G459)) * C459) + (H459 * D459)),=(E459 + (F459 + G459))
,,,,,,,,=(((E460 + (F460 + G460)) * C460) + (H460 * D460)),=(E460 + (F460 + G460))
,,,,,,,,=(((E461 + (F461 + G461)) * C461) + (H461 * D461)),=(E461 + (F461 + G461))
,,,,,,,,=(((E462 + (F462 + G462)) * C462) + (H462 * D462)),=(E462 + (F462 + G462))
,,,,,,,,=(((E463 + (F463 + G463)) * C463) + (H463 * D463)),=(E463 + (F463 + G463))
,,,,,,,,=(((E464 + (F464 + G464)) * C464) + (H464 * D464)),=(E464 + (F464 + G464))
,,,,,,,,=(((E465 + (F465 + G465)) * C465) + (H465 * D465)),=(E465 + (F465 + G465))
,,,,,,,,=(((E466 + (F466 + G466)) * C466) + (H466 * D466)),=(E466 + (F466 + G466))
,,,,,,,,=(((E467 + (F467 + G467)) * C467) + (H467 * D467)),=(E467 + (F467 + G467))
,,,,,,,,=(((E468 + (F468 + G468)) * C468) + (H468 * D468)),=(E468 + (F468 + G468))
,,,,,,,,=(((E469 + (F469 + G469)) * C469) + (H469 * D469)),=(E469 + (F469 + G469))
,,,,,,,,=(((E470 + (F470 + G470)) * C470) + (H470 * D470)),=(E470 + (F470 + G470))
,,,,,,,,=(((E471 + (F471 + G471)) * C471) + (H471 * D471)),=(E471 + (F471 + G471))
,,,,,,,,=(((E472 + (F472 + G472)) * C472) + (H472 * D472)),=(E472 + (F472 + G472))
,,,,,,,,=(((E473 + (F473 + G473)) * C473) + (H473 * D473)),=(E473 + (F473 + G473))
,,,,,,,,=(((E474 + (F474 + G474)) * C474) + (H474 * D474)),=(E474 + (F474 + G474))
,,,,,,,,=(((E475 + (F475 + G475)) * C475) + (H475 * D475)),=(E475 + (F475 + G475))
,,,,,,,,=(((E476 + (F476 + G476)) * C476) + (H476 * D476)),=(E476 + (F476 + G476))
,,,,,,,,=(((E477 + (F477 + G477)) * C477) + (H477 * D477)),=(E477 + (F477 + G477))
,,,,,,,,=(((E478 + (F478 + G478)) * C478) + (H478 * D478)),=(E478 + (F478 + G478))
,,,,,,,,=(((E479 + (F479 + G479)) * C479) + (H479 * D479)),=(E479 + (F479 + G479))
,,,,,,,,=(((E480 + (F480 + G480)) * C480) + (H480 * D480)),=(E480 + (F480 + G480))
,,,,,,,,=(((E481 + (F481 + G481)) * C481) + (H481 * D481)),=(E481 + (F481 + G481))
,,,,,,,,=(((E482 + (F482 + G482)) * C482) + (H482 * D482)),=(E482 + (F482 + G482))
,,,,,,,,=(((E483 + (F483 + G483)) * C483) + (H483 * D483)),=(E483 + (F483 + G483))
,,,,,,,,=(((E484 + (F484 + G484)) * C484) + (H484 * D484)),=(E484 + (F484 + G484))
,,,,,,,,=(((E485 + (F485 + G485)) * C485) + (H485 * D485)),=(E485 + (F485 + G485))
,,,,,,,,=(((E486 + (F486 + G486)) * C486) + (H486 * D486)),=(E486 + (F486 + G486))
,,,,,,,,=(((E487 + (F487 + G487)) * C487) + (H487 * D487)),=(E487 + (F487 + G487))
,,,,,,,,=(((E488 + (F488 + G488)) * C488) + (H488 * D488)),=(E488 + (F488 + G488))
,,,,,,,,=(((E489 + (F489 + G489)) * C489) + (H489 * D489)),=(E489 + (F489 + G489))
,,,,,,,,=(((E490 + (F490 + G490)) * C490) + (H490 * D490)),=(E490 + (F490 + G490))
,,,,,,,,=(((E491 + (F491 + G491)) * C491) + (H491 * D491)),=(E491 + (F491 + G491))
,,,,,,,,=(((E492 + (F492 + G492)) * C492) + (H492 * D492)),=(E492 + (F492 + G492))
,,,,,,,,=(((E493 + (F493 + G493)) * C493) + (H493 * D493)),=(E493 + (F493 + G493))
,,,,,,,,=(((E494 + (F494 + G494)) * C494) + (H494 * D494)),=(E494 + (F494 + G494))
,,,,,,,,=(((E495 + (F495 + G495)) * C495) + (H495 * D495)),=(E495 + (F495 + G495))
,,,,,,,,=(((E496 + (F496 + G496)) * C496) + (H496 * D496)),=(E496 + (F496 + G496))
,,,,,,,,=(((E497 + (F497 + G497)) * C497) + (H497 * D497)),=(E497 + (F497 + G497))
,,,,,,,,=(((E498 + (F498 + G498)) * C498) + (H498 * D498)),=(E498 + (F498 + G498))
,,,,,,,,=(((E499 + (F499 + G499)) * C499) + (H499 * D499)),=(E499 + (F499 + G499))
,,,,,,,,=(((E500 + (F500 + G500)) * C500) + (H500 * D500)),=(E500 + (F500 + G500))
,,,,,,,,=(((E501 + (F501 + G501)) * C501) + (H501 * D501)),=(E501 + (F501 + G501))
,,,,,,,,=(((E502 + (F502 + G502)) * C502) + (H502 * D502)),=(E502 + (F502 + G502))
,,,,,,,,=(((E503 + (F503 + G503)) * C503) + (H503 * D503)),=(E503 + (F503 + G503))
,,,,,,,,=(((E504 + (F504 + G504)) * C504) + (H504 * D504)),=(E504 + (F504 + G504))
,,,,,,,,=(((E505 + (F505 + G505)) * C505) + (H505 * D505)),=(E505 + (F505 + G505))
,,,,,,,,=(((E506 + (F506 + G506)) * C506) + (H506 * D506)),=(E506 + (F506 + G506))
,,,,,,,,=(((E507 + (F507 + G507)) * C507) + (H507 * D507)),=(E507 + (F507 + G507))
,,,,,,,,=(((E508 + (F508 + G508)) * C508) + (H508 * D508)),=(E508 + (F508 + G508))
,,,,,,,,=(((E509 + (F509 + G509)) * C509) + (H509 * D509)),=(E509 + (F509 + G509))
,,,,,,,,=(((E510 + (F510 + G510)) * C510) + (H510 * D510)),=(E510 + (F510 + G510))
,,,,,,,,=(((E511 + (F511 + G511)) * C511) + (H511 * D511)),=(E511 + (F511 + G511))
,,,,,,,,=(((E512 + (F512 + G512)) * C512) + (H512 * D512)),=(E512 + (F512 + G512))
,,,,,,,,=(((E513 + (F513 + G513)) * C513) + (H513 * D513)),=(E513 + (F513 + G513))
,,,,,,,,=(((E514 + (F514 + G514)) * C514) + (H514 * D514)),=(E514 + (F514 + G514))
,,,,,,,,=(((E515 + (F515 + G515)) * C515) + (H515 * D515)),=(E515 + (F515 + G515))
,,,,,,,,=(((E516 + (F516 + G516)) * C516) + (H516 * D516)),=(E516 + (F516 + G516))
,,,,,,,,=(((E517 + (F517 + G517)) * C517) + (H517 * D517)),=(E517 + (F517 + G517))
,,,,,,,,=(((E518 + (F518 + G518)) * C518) + (H518 * D518)),=(E518 + (F518 + G518))
,,,,,,,,=(((E519 + (F519 + G519)) * C519) + (H519 * D519)),=(E519 + (F519 + G519))
,,,,,,,,=(((E520 + (F520 + G520)) * C520) + (H520 * D520)),=(E520 + (F520 + G520))
,,,,,,,,=(((E521 + (F521 + G521)) * C521) + (H521 * D521)),=(E521 + (F521 + G521))
,,,,,,,,=(((E522 + (F522 + G522)) * C522) + (H522 * D522)),=(E522 + (F522 + G522))
,,,,,,,,=(((E523 + (F523 + G523)) * C523) + (H523 * D523)),=(E523 + (F523 + G523))
,,,,,,,,=(((E524 + (F524 + G524)) * C524) + (H524 * D524)),=(E524 + (F524 + G524))
,,,,,,,,=(((E525 + (F525 + G525)) * C525) + (H525 * D525)),=(E525 + (F525 + G525))
,,,,,,,,=(((E526 + (F526 + G526)) * C526) + (H526 * D526)),=(E526 + (F526 + G526))
,,,,,,,,=(((E527 + (F527 + G527)) * C527) + (H527 * D527)),=(E527 + (F527 + G527))
,,,,,,,,=(((E528 + (F528 + G528)) * C528) + (H528 * D528)),=(E528 + (F528 + G528))
,,,,,,,,=(((E529 + (F529 + G529)) * C529) + (H529 * D529)),=(E529 + (F529 + G529))
,,,,,,,,=(((E530 + (F530 + G530)) * C530) + (H530 * D530)),=(E530 + (F530 + G530))
,,,,,,,,=(((E531 + (F531 + G531)) * C531) + (H531 * D531)),=(E531 + (F531 + G531))
,,,,,,,,=(((E532 + (F532 + G532)) * C532) + (H532 * D532)),=(E532 + (F532 + G532))
,,,,,,,,=(((E533 + (F533 + G533)) * C533) + (H533 * D533)),=(E533 + (F533 + G533))
,,,,,,,,=(((E534 + (F534 + G534)) * C534) + (H534 * D534)),=(E534 + (F534 + G534))
,,,,,,,,=(((E535 + (F535 + G535)) * C535) + (H535 * D535)),=(E535 + (F535 + G535))
,,,,,,,,=(((E536 + (F536 + G536)) * C536) + (H536 * D536)),=(E536 + (F536 + G536))
,,,,,,,,=(((E537 + (F537 + G537)) * C537) + (H537 * D537)),=(E537 + (F537 + G537))
,,,,,,,,=(((E538 + (F538 + G538)) * C538) + (H538 * D538)),=(E538 + (F538 + G538))
,,,,,,,,=(((E539 + (F539 + G539)) * C539) + (H539 * D539)),=(E539 + (F539 + G539))
,,,,,,,,=(((E540 + (F540 + G540)) * C540) + (H540 * D540)),=(E540 + (F540 + G540))
,,,,,,,,=(((E541 + (F541 + G541)) * C541) + (H541 * D541)),=(E541 + (F541 + G541))
,,,,,,,,=(((E542 + (F542 + G542)) * C542) + (H542 * D542)),=(E542 + (F542 + G542))
,,,,,,,,=(((E543 + (F543 + G543)) * C543) + (H543 * D543)),=(E543 + (F543 + G543))
,,,,,,,,=(((E544 + (F544 + G544)) * C544) + (H544 * D544)),=(E544 + (F544 + G544))
,,,,,,,,=(((E545 + (F545 + G545)) * C545) + (H545 * D545)),=(E545 + (F545 + G545))
,,,,,,,,=(((E546 + (F546 + G546)) * C546) + (H546 * D546)),=(E546 + (F546 + G546))
,,,,,,,,=(((E547 + (F547 + G547)) * C547) + (H547 * D547)),=(E547 + (F547 + G547))
,,,,,,,,=(((E548 + (F548 + G548)) * C548) + (H548 * D548)),=(E548 + (F548 + G548))
,,,,,,,,=(((E549 + (F549 + G549)) * C549) + (H549 * D549)),=(E549 + (F549 + G549))
,,,,,,,,=(((E550 + (F550 + G550)) * C550) + (H550 * D550)),=(E550 + (F550 + G550))
,,,,,,,,=(((E551 + (F551 + G551)) * C551) + (H551 * D551)),=(E551 + (F551 + G551))
,,,,,,,,=(((E552 + (F552 + G552)) * C552) + (H552 * D552)),=(E552 + (F552 + G552))
,,,,,,,,=(((E553 + (F553 + G553)) * C553) + (H553 * D553)),=(E553 + (F553 + G553))
,,,,,,,,=(((E554 + (F554 + G554)) * C554) + (H554 * D554)),=(E554 + (F554 + G554))
,,,,,,,,=(((E555 + (F555 + G555)) * C555) + (H555 * D555)),=(E555 + (F555 + G555))
,,,,,,,,=(((E556 + (F556 + G556)) * C556) + (H556 * D556)),=(E556 + (F556 + G556))
,,,,,,,,=(((E557 + (F557 + G557)) * C557) + (H557 * D557)),=(E557 + (F557 + G557))
,,,,,,,,=(((E558 + (F558 + G558)) * C558) + (H558 * D558)),=(E558 + (F558 + G558))
,,,,,,,,=(((E559 + (F559 + G559)) * C559) + (H559 * D559)),=(E559 + (F559 + G559))
,,,,,,,,=(((E560 + (F560 + G560)) * C560) + (H560 * D560)),=(E560 + (F560 + G560))
,,,,,,,,=(((E561 + (F561 + G561)) * C561) + (H561 * D561)),=(E561 + (F561 + G561))
,,,,,,,,=(((E562 + (F562 + G562)) * C562) + (H562 * D562)),=(E562 + (F562 + G562))
,,,,,,,,=(((E563 + (F563 + G563)) * C563) + (H563 * D563)),=(E563 + (F563 + G563))
,,,,,,,,=(((E564 + (F564 + G564)) * C564) + (H564 * D564)),=(E564 + (F564 + G564))
,,,,,,,,=(((E565 + (F565 + G565)) * C565) + (H565 * D565)),=(E565 + (F565 + G565))
,,,,,,,,=(((E566 + (F566 + G566)) * C566) + (H566 * D566)),=(E566 + (F566 + G566))
,,,,,,,,=(((E567 + (F567 + G567)) * C567) + (H567 * D567)),=(E567 + (F567 + G567))
,,,,,,,,=(((E568 + (F568 + G568)) * C568) + (H568 * D568)),=(E568 + (F568 + G568))
,,,,,,,,=(((E569 + (F569 + G569)) * C569) + (H569 * D569)),=(E569 + (F569 + G569))
,,,,,,,,=(((E570 + (F570 + G570)) * C570) + (H570 * D570)),=(E570 + (F570 + G570))
,,,,,,,,=(((E571 + (F571 + G571)) * C571) + (H571 * D571)),=(E571 + (F571 + G571))
,,,,,,,,=(((E572 + (F572 + G572)) * C572) + (H572 * D572)),=(E572 + (F572 + G572))
,,,,,,,,=(((E573 + (F573 + G573)) * C573) + (H573 * D573)),=(E573 + (F573 + G573))
,,,,,,,,=(((E574 + (F574 + G574)) * C574) + (H574 * D574)),=(E574 + (F574 + G574))
,,,,,,,,=(((E575 + (F575 + G575)) * C575) + (H575 * D575)),=(E575 + (F575 + G575))
,,,,,,,,=(((E576 + (F576 + G576)) * C576) + (H576 * D576)),=(E576 + (F576 + G576))
,,,,,,,,=(((E577 + (F577 + G577)) * C577) + (H577 * D577)),=(E577 + (F577 + G577))
,,,,,,,,=(((E578 + (F578 + G578)) * C578) + (H578 * D578)),=(E578 + (F578 + G578))
,,,,,,,,=(((E579 + (F579 + G579)) * C579) + (H579 * D579)),=(E579 + (F579 + G579))
,,,,,,,,=(((E580 + (F580 + G580)) * C580) + (H580 * D580)),=(E580 + (F580 + G580))
,,,,,,,,=(((E581 + (F581 + G581)) * C581) + (H581 * D581)),=(E581 + (F581 + G581))
,,,,,,,,=(((E582 + (F582 + G582)) * C582) + (H582 * D582)),=(E582 + (F582 + G582))
,,,,,,,,=(((E583 + (F583 + G583)) * C583) + (H583 * D583)),=(E583 + (F583 + G583))
,,,,,,,,=(((E584 + (F584 + G584)) * C584) + (H584 * D584)),=(E584 + (F584 + G584))
,,,,,,,,=(((E585 + (F585 + G585)) * C585) + (H585 * D585)),=(E585 + (F585 + G585))
,,,,,,,,=(((E586 + (F586 + G586)) * C586) + (H586 * D586)),=(E586 + (F586 + G586))
,,,,,,,,=(((E587 + (F587 + G587)) * C587) + (H587 * D587)),=(E587 + (F587 + G587))
,,,,,,,,=(((E588 + (F588 + G588)) * C588) + (H588 * D588)),=(E588 + (F588 + G588))
,,,,,,,,=(((E589 + (F589 + G589)) * C589) + (H589 * D589)),=(E589 + (F589 + G589))
,,,,,,,,=(((E590 + (F590 + G590)) * C590) + (H590 * D590)),=(E590 + (F590 + G590))
,,,,,,,,=(((E591 + (F591 + G591)) * C591) + (H591 * D591)),=(E591 + (F591 + G591))
,,,,,,,,=(((E592 + (F592 + G592)) * C592) + (H592 * D592)),=(E592 + (F592 + G592))
,,,,,,,,=(((E593 + (F593 + G593)) * C593) + (H593 * D593)),=(E593 + (F593 + G593))
,,,,,,,,=(((E594 + (F594 + G594)) * C594) + (H594 * D594)),=(E594 + (F594 + G594))
,,,,,,,,=(((E595 + (F595 + G595)) * C595) + (H595 * D595)),=(E595 + (F595 + G595))
,,,,,,,,=(((E596 + (F596 + G596)) * C596) + (H596 * D596)),=(E596 + (F596 + G596))
,,,,,,,,=(((E597 + (F597 + G597)) * C597) + (H597 * D597)),=(E597 + (F597 + G597))
,,,,,,,,=(((E598 + (F598 + G598)) * C598) + (H598 * D598)),=(E598 + (F598 + G598))
,,,,,,,,=(((E599 + (F599 + G599)) * C599) + (H599 * D599)),=(E599 + (F599 + G599))
,,,,,,,,=(((E600 + (F600 + G600)) * C600) + (H600 * D600)),=(E600 + (F600 + G600))
,,,,,,,,=(((E601 + (F601 + G601)) * C601) + (H601 * D601)),=(E601 + (F601 + G601))
,,,,,,,,=(((E602 + (F602 + G602)) * C602) + (H602 * D602)),=(E602 + (F602 + G602))
,,,,,,,,=(((E603 + (F603 + G603)) * C603) + (H603 * D603)),=(E603 + (F603 + G603))
,,,,,,,,=(((E604 + (F604 + G604)) * C604) + (H604 * D604)),=(E604 + (F604 + G604))
,,,,,,,,=(((E605 + (F605 + G605)) * C605) + (H605 * D605)),=(E605 + (F605 + G605))
,,,,,,,,=(((E606 + (F606 + G606)) * C606) + (H606 * D606)),=(E606 + (F606 + G606))
,,,,,,,,=(((E607 + (F607 + G607)) * C607) + (H607 * D607)),=(E607 + (F607 + G607))
,,,,,,,,=(((E608 + (F608 + G608)) * C608) + (H608 * D608)),=(E608 + (F608 + G608))
,,,,,,,,=(((E609 + (F609 + G609)) * C609) + (H609 * D609)),=(E609 + (F609 + G609))
,,,,,,,,=(((E610 + (F610 + G610)) * C610) + (H610 * D610)),=(E610 + (F610 + G610))
,,,,,,,,=(((E611 + (F611 + G611)) * C611) + (H611 * D611)),=(E611 + (F611 + G611))
,,,,,,,,=(((E612 + (F612 + G612)) * C612) + (H612 * D612)),=(E612 + (F612 + G612))
,,,,,,,,=(((E613 + (F613 + G613)) * C613) + (H613 * D613)),=(E613 + (F613 + G613))
,,,,,,,,=(((E614 + (F614 + G614)) * C614) + (H614 * D614)),=(E614 + (F614 + G614))
,,,,,,,,=(((E615 + (F615 + G615)) * C615) + (H615 * D615)),=(E615 + (F615 + G615))
,,,,,,,,=(((E616 + (F616 + G616)) * C616) + (H616 * D616)),=(E616 + (F616 + G616))
,,,,,,,,=(((E617 + (F617 + G617)) * C617) + (H617 * D617)),=(E617 + (F617 + G617))
,,,,,,,,=(((E618 + (F618 + G618)) * C618) + (H618 * D618)),=(E618 + (F618 + G618))
,,,,,,,,=(((E619 + (F619 + G619)) * C619) + (H619 * D619)),=(E619 + (F619 + G619))
,,,,,,,,=(((E620 + (F620 + G620)) * C620) + (H620 * D620)),=(E620 + (F620 + G620))
,,,,,,,,=(((E621 + (F621 + G621)) * C621) + (H621 * D621)),=(E621 + (F621 + G621))
,,,,,,,,=(((E622 + (F622 + G622)) * C622) + (H622 * D622)),=(E622 + (F622 + G622))
,,,,,,,,=(((E623 + (F623 + G623)) * C623) + (H623 * D623)),=(E623 + (F623 + G623))
,,,,,,,,=(((E624 + (F624 + G624)) * C624) + (H624 * D624)),=(E624 + (F624 + G624))
,,,,,,,,=(((E625 + (F625 + G625)) * C625) + (H625 * D625)),=(E625 + (F625 + G625))
,,,,,,,,=(((E626 + (F626 + G626)) * C626) + (H626 * D626)),=(E626 + (F626 + G626))
,,,,,,,,=(((E627 + (F627 + G627)) * C627) + (H627 * D627)),=(E627 + (F627 + G627))
,,,,,,,,=(((E628 + (F628 + G628)) * C628) + (H628 * D628)),=(E628 + (F628 + G628))
,,,,,,,,=(((E629 + (F629 + G629)) * C629) + (H629 * D629)),=(E629 + (F629 + G629))
,,,,,,,,=(((E630 + (F630 + G630)) * C630) + (H630 * D630)),=(E630 + (F630 + G630))
,,,,,,,,=(((E631 + (F631 + G631)) * C631) + (H631 * D631)),=(E631 + (F631 + G631))
,,,,,,,,=(((E632 + (F632 + G632)) * C632) + (H632 * D632)),=(E632 + (F632 + G632))
,,,,,,,,=(((E633 + (F633 + G633)) * C633) + (H633 * D633)),=(E633 + (F633 + G633))
,,,,,,,,=(((E634 + (F634 + G634)) * C634) + (H634 * D634)),=(E634 + (F634 + G634))
,,,,,,,,=(((E635 + (F635 + G635)) * C635) + (H635 * D635)),=(E635 + (F635 + G635))
,,,,,,,,=(((E636 + (F636 + G636)) * C636) + (H636 * D636)),=(E636 + (F636 + G636))
,,,,,,,,=(((E637 + (F637 + G637)) * C637) + (H637 * D637)),=(E637 + (F637 + G637))
,,,,,,,,=(((E638 + (F638 + G638)) * C638) + (H638 * D638)),=(E638 + (F638 + G638))
,,,,,,,,=(((E639 + (F639 + G639)) * C639) + (H639 * D639)),=(E639 + (F639 + G639))
,,,,,,,,=(((E640 + (F640 + G640)) * C640) + (H640 * D640)),=(E640 + (F640 + G640))
,,,,,,,,=(((E641 + (F641 + G641)) * C641) + (H641 * D641)),=(E641 + (F641 + G641))
,,,,,,,,=(((E642 + (F642 + G642)) * C642) + (H642 * D642)),=(E642 + (F642 + G642))
,,,,,,,,=(((E643 + (F643 + G643)) * C643) + (H643 * D643)),=(E643 + (F643 + G643))
,,,,,,,,=(((E644 + (F644 + G644)) * C644) + (H644 * D644)),=(E644 + (F644 + G644))
,,,,,,,,=(((E645 + (F645 + G645)) * C645) + (H645 * D645)),=(E645 + (F645 + G645))
,,,,,,,,=(((E646 + (F646 + G646)) * C646) + (H646 * D646)),=(E646 + (F646 + G646))
,,,,,,,,=(((E647 + (F647 + G647)) * C647) + (H647 * D647)),=(E647 + (F647 + G647))
,,,,,,,,=(((E648 + (F648 + G648)) * C648) + (H648 * D648)),=(E648 + (F648 + G648))
,,,,,,,,=(((E649 + (F649 + G649)) * C649) + (H649 * D649)),=(E649 + (F649 + G649))
,,,,,,,,=(((E650 + (F650 + G650)) * C650) + (H650 * D650)),=(E650 + (F650 + G650))
,,,,,,,,=(((E651 + (F651 + G651)) * C651) + (H651 * D651)),=(E651 + (F651 + G651))
,,,,,,,,=(((E652 + (F652 + G652)) * C652) + (H652 * D652)),=(E652 + (F652 + G652))
,,,,,,,,=(((E653 + (F653 + G653)) * C653) + (H653 * D653)),=(E653 + (F653 + G653))
,,,,,,,,=(((E654 + (F654 + G654)) * C654) + (H654 * D654)),=(E654 + (F654 + G654))
,,,,,,,,=(((E655 + (F655 + G655)) * C655) + (H655 * D655)),=(E655 + (F655 + G655))
,,,,,,,,=(((E656 + (F656 + G656)) * C656) + (H656 * D656)),=(E656 + (F656 + G656))
,,,,,,,,=(((E657 + (F657 + G657)) * C657) + (H657 * D657)),=(E657 + (F657 + G657))
,,,,,,,,=(((E658 + (F658 + G658)) * C658) + (H658 * D658)),=(E658 + (F658 + G658))
,,,,,,,,=(((E659 + (F659 + G659)) * C659) + (H659 * D659)),=(E659 + (F659 + G659))
,,,,,,,,=(((E660 + (F660 + G660)) * C660) + (H660 * D660)),=(E660 + (F660 + G660))
,,,,,,,,=(((E661 + (F661 + G661)) * C661) + (H661 * D661)),=(E661 + (F661 + G661))
,,,,,,,,=(((E662 + (F662 + G662)) * C662) + (H662 * D662)),=(E662 + (F662 + G662))
,,,,,,,,=(((E663 + (F663 + G663)) * C663) + (H663 * D663)),=(E663 + (F663 + G663))
,,,,,,,,=(((E664 + (F664 + G664)) * C664) + (H664 * D664)),=(E664 + (F664 + G664))
,,,,,,,,=(((E665 + (F665 + G665)) * C665) + (H665 * D665)),=(E665 + (F665 + G665))
,,,,,,,,=(((E666 + (F666 + G666)) * C666) + (H666 * D666)),=(E666 + (F666 + G666))
,,,,,,,,=(((E667 + (F667 + G667)) * C667) + (H667 * D667)),=(E667 + (F667 + G667))
,,,,,,,,=(((E668 + (F668 + G668)) * C668) + (H668 * D668)),=(E668 + (F668 + G668))
,,,,,,,,=(((E669 + (F669 + G669)) * C669) + (H669 * D669)),=(E669 + (F669 + G669))
,,,,,,,,=(((E670 + (F670 + G670)) * C670) + (H670 * D670)),=(E670 + (F670 + G670))
,,,,,,,,=(((E671 + (F671 + G671)) * C671) + (H671 * D671)),=(E671 + (F671 + G671))
,,,,,,,,=(((E672 + (F672 + G672)) * C672) + (H672 * D672)),=(E672 + (F672 + G672))
,,,,,,,,=(((E673 + (F673 + G673)) * C673) + (H673 * D673)),=(E673 + (F673 + G673))
,,,,,,,,=(((E674 + (F674 + G674)) * C674) + (H674 * D674)),=(E674 + (F674 + G674))
,,,,,,,,=(((E675 + (F675 + G675)) * C675) + (H675 * D675)),=(E675 + (F675 + G675))
,,,,,,,,=(((E676 + (F676 + G676)) * C676) + (H676 * D676)),=(E676 + (F676 + G676))
,,,,,,,,=(((E677 + (F677 + G677)) * C677) + (H677 * D677)),=(E677 + (F677 + G677))
,,,,,,,,=(((E678 + (F678 + G678)) * C678) + (H678 * D678)),=(E678 + (F678 + G678))
,,,,,,,,=(((E679 + (F679 + G679)) * C679) + (H679 * D679)),=(E679 + (F679 + G679))
,,,,,,,,=(((E680 + (F680 + G680)) * C680) + (H680 * D680)),=(E680 + (F680 + G680))
,,,,,,,,=(((E681 + (F681 + G681)) * C681) + (H681 * D681)),=(E681 + (F681 + G681))
,,,,,,,,=(((E682 + (F682 + G682)) * C682) + (H682 * D682)),=(E682 + (F682 + G682))
,,,,,,,,=(((E683 + (F683 + G683)) * C683) + (H683 * D683)),=(E683 + (F683 + G683))
,,,,,,,,=(((E684 + (F684 + G684)) * C684) + (H684 * D684)),=(E684 + (F684 + G684))
,,,,,,,,=(((E685 + (F685 + G685)) * C685) + (H685 * D685)),=(E685 + (F685 + G685))
,,,,,,,,=(((E686 + (F686 + G686)) * C686) + (H686 * D686)),=(E686 + (F686 + G686))
,,,,,,,,=(((E687 + (F687 + G687)) * C687) + (H687 * D687)),=(E687 + (F687 + G687))
,,,,,,,,=(((E688 + (F688 + G688)) * C688) + (H688 * D688)),=(E688 + (F688 + G688))
,,,,,,,,=(((E689 + (F689 + G689)) * C689) + (H689 * D689)),=(E689 + (F689 + G689))
,,,,,,,,=(((E690 + (F690 + G690)) * C690) + (H690 * D690)),=(E690 + (F690 + G690))
,,,,,,,,=(((E691 + (F691 + G691)) * C691) + (H691 * D691)),=(E691 + (F691 + G691))
,,,,,,,,=(((E692 + (F692 + G692)) * C692) + (H692 * D692)),=(E692 + (F692 + G692))
,,,,,,,,=(((E693 + (F693 + G693)) * C693) + (H693 * D693)),=(E693 + (F693 + G693))
,,,,,,,,=(((E694 + (F694 + G694)) * C694) + (H694 * D694)),=(E694 + (F694 + G694))
,,,,,,,,=(((E695 + (F695 + G695)) * C695) + (H695 * D695)),=(E695 + (F695 + G695))
,,,,,,,,=(((E696 + (F696 + G696)) * C696) + (H696 * D696)),=(E696 + (F696 + G696))
,,,,,,,,=(((E697 + (F697 + G697)) * C697) + (H697 * D697)),=(E697 + (F697 + G697))
,,,,,,,,=(((E698 + (F698 + G698)) * C698) + (H698 * D698)),=(E698 + (F698 + G698))
,,,,,,,,=(((E699 + (F699 + G699)) * C699) + (H699 * D699)),=(E699 + (F699 + G699))
,,,,,,,,=(((E700 + (F700 + G700)) * C700) + (H700 * D700)),=(E700 + (F700 + G700))
,,,,,,,,=(((E701 + (F701 + G701)) * C701) + (H701 * D701)),=(E701 + (F701 + G701))
,,,,,,,,=(((E702 + (F702 + G702)) * C702) + (H702 * D702)),=(E702 + (F702 + G702))
,,,,,,,,=(((E703 + (F703 + G703)) * C703) + (H703 * D703)),=(E703 + (F703 + G703))
,,,,,,,,=(((E704 + (F704 + G704)) * C704) + (H704 * D704)),=(E704 + (F704 + G704))
,,,,,,,,=(((E705 + (F705 + G705)) * C705) + (H705 * D705)),=(E705 + (F705 + G705))
,,,,,,,,=(((E706 + (F706 + G706)) * C706) + (H706 * D706)),=(E706 + (F706 + G706))
,,,,,,,,=(((E707 + (F707 + G707)) * C707) + (H707 * D707)),=(E707 + (F707 + G707))
,,,,,,,,=(((E708 + (F708 + G708)) * C708) + (H708 * D708)),=(E708 + (F708 + G708))
,,,,,,,,=(((E709 + (F709 + G709)) * C709) + (H709 * D709)),=(E709 + (F709 + G709))
,,,,,,,,=(((E710 + (F710 + G710)) * C710) + (H710 * D710)),=(E710 + (F710 + G710))
,,,,,,,,=(((E711 + (F711 + G711)) * C711) + (H711 * D711)),=(E711 + (F711 + G711))
,,,,,,,,=(((E712 + (F712 + G712)) * C712) + (H712 * D712)),=(E712 + (F712 + G712))
,,,,,,,,=(((E713 + (F713 + G713)) * C713) + (H713 * D713)),=(E713 + (F713 + G713))
,,,,,,,,=(((E714 + (F714 + G714)) * C714) + (H714 * D714)),=(E714 + (F714 + G714))
,,,,,,,,=(((E715 + (F715 + G715)) * C715) + (H715 * D715)),=(E715 + (F715 + G715))
,,,,,,,,=(((E716 + (F716 + G716)) * C716) + (H716 * D716)),=(E716 + (F716 + G716))
,,,,,,,,=(((E717 + (F717 + G717)) * C717) + (H717 * D717)),=(E717 + (F717 + G717))
,,,,,,,,=(((E718 + (F718 + G718)) * C718) + (H718 * D718)),=(E718 + (F718 + G718))
,,,,,,,,=(((E719 + (F719 + G719)) * C719) + (H719 * D719)),=(E719 + (F719 + G719))
,,,,,,,,=(((E720 + (F720 + G720)) * C720) + (H720 * D720)),=(E720 + (F720 + G720))
,,,,,,,,=(((E721 + (F721 + G721)) * C721) + (H721 * D721)),=(E721 + (F721 + G721))
,,,,,,,,=(((E722 + (F722 + G722)) * C722) + (H722 * D722)),=(E722 + (F722 + G722))
,,,,,,,,=(((E723 + (F723 + G723)) * C723) + (H723 * D723)),=(E723 + (F723 + G723))
,,,,,,,,=(((E724 + (F724 + G724)) * C724) + (H724 * D724)),=(E724 + (F724 + G724))
,,,,,,,,=(((E725 + (F725 + G725)) * C725) + (H725 * D725)),=(E725 + (F725 + G725))
,,,,,,,,=(((E726 + (F726 + G726)) * C726) + (H726 * D726)),=(E726 + (F726 + G726))
,,,,,,,,=(((E727 + (F727 + G727)) * C727) + (H727 * D727)),=(E727 + (F727 + G727))
,,,,,,,,=(((E728 + (F728 + G728)) * C728) + (H728 * D728)),=(E728 + (F728 + G728))
,,,,,,,,=(((E729 + (F729 + G729)) * C729) + (H729 * D729)),=(E729 + (F729 + G729))
,,,,,,,,=(((E730 + (F730 + G730)) * C730) + (H730 * D730)),=(E730 + (F730 + G730))
,,,,,,,,=(((E731 + (F731 + G731)) * C731) + (H731 * D731)),=(E731 + (F731 + G731))
,,,,,,,,=(((E732 + (F732 + G732)) * C732) + (H732 * D732)),=(E732 + (F732 + G732))
,,,,,,,,=(((E733 + (F733 + G733)) * C733) + (H733 * D733)),=(E733 + (F733 + G733))
,,,,,,,,=(((E734 + (F734 + G734)) * C734) + (H734 * D734)),=(E734 + (F734 + G734))
,,,,,,,,=(((E735 + (F735 + G735)) * C735) + (H735 * D735)),=(E735 + (F735 + G735))
,,,,,,,,=(((E736 + (F736 + G736)) * C736) + (H736 * D736)),=(E736 + (F736 + G736))
,,,,,,,,=(((E737 + (F737 + G737)) * C737) + (H737 * D737)),=(E737 + (F737 + G737))
,,,,,,,,=(((E738 + (F738 + G738)) * C738) + (H738 * D738)),=(E738 + (F738 + G738))
,,,,,,,,=(((E739 + (F739 + G739)) * C739) + (H739 * D739)),=(E739 + (F739 + G739))
,,,,,,,,=(((E740 + (F740 + G740)) * C740) + (H740 * D740)),=(E740 + (F740 + G740))
,,,,,,,,=(((E741 + (F741 + G741)) * C741) + (H741 * D741)),=(E741 + (F741 + G741))
,,,,,,,,=(((E742 + (F742 + G742)) * C742) + (H742 * D742)),=(E742 + (F742 + G742))
,,,,,,,,=(((E743 + (F743 + G743)) * C743) + (H743 * D743)),=(E743 + (F743 + G743))
,,,,,,,,=(((E744 + (F744 + G744)) * C744) + (H744 * D744)),=(E744 + (F744 + G744))
,,,,,,,,=(((E745 + (F745 + G745)) * C745) + (H745 * D745)),=(E745 + (F745 + G745))
,,,,,,,,=(((E746 + (F746 + G746)) * C746) + (H746 * D746)),=(E746 + (F746 + G746))
,,,,,,,,=(((E747 + (F747 + G747)) * C747) + (H747 * D747)),=(E747 + (F747 + G747))
,,,,,,,,=(((E748 + (F748 + G748)) * C748) + (H748 * D748)),=(E748 + (F748 + G748))
,,,,,,,,=(((E749 + (F749 + G749)) * C749) + (H749 * D749)),=(E749 + (F749 + G749))
,,,,,,,,=(((E750 + (F750 + G750)) * C750) + (H750 * D750)),=(E750 + (F750 + G750))
,,,,,,,,=(((E751 + (F751 + G751)) * C751) + (H751 * D751)),=(E751 + (F751 + G751))
,,,,,,,,=(((E752 + (F752 + G752)) * C752) + (H752 * D752)),=(E752 + (F752 + G752))
,,,,,,,,=(((E753 + (F753 + G753)) * C753) + (H753 * D753)),=(E753 + (F753 + G753))
,,,,,,,,=(((E754 + (F754 + G754)) * C754) + (H754 * D754)),=(E754 + (F754 + G754))
,,,,,,,,=(((E755 + (F755 + G755)) * C755) + (H755 * D755)),=(E755 + (F755 + G755))
,,,,,,,,=(((E756 + (F756 + G756)) * C756) + (H756 * D756)),=(E756 + (F756 + G756))
,,,,,,,,=(((E757 + (F757 + G757)) * C757) + (H757 * D757)),=(E757 + (F757 + G757))
,,,,,,,,=(((E758 + (F758 + G758)) * C758) + (H758 * D758)),=(E758 + (F758 + G758))
,,,,,,,,=(((E759 + (F759 + G759)) * C759) + (H759 * D759)),=(E759 + (F759 + G759))
,,,,,,,,=(((E760 + (F760 + G760)) * C760) + (H760 * D760)),=(E760 + (F760 + G760))
,,,,,,,,=(((E761 + (F761 + G761)) * C761) + (H761 * D761)),=(E761 + (F761 + G761))
,,,,,,,,=(((E762 + (F762 + G762)) * C762) + (H762 * D762)),=(E762 + (F762 + G762))
,,,,,,,,=(((E763 + (F763 + G763)) * C763) + (H763 * D763)),=(E763 + (F763 + G763))
,,,,,,,,=(((E764 + (F764 + G764)) * C764) + (H764 * D764)),=(E764 + (F764 + G764))
,,,,,,,,=(((E765 + (F765 + G765)) * C765) + (H765 * D765)),=(E765 + (F765 + G765))
,,,,,,,,=(((E766 + (F766 + G766)) * C766) + (H766 * D766)),=(E766 + (F766 + G766))
,,,,,,,,=(((E767 + (F767 + G767)) * C767) + (H767 * D767)),=(E767 + (F767 + G767))
,,,,,,,,=(((E768 + (F768 + G768)) * C768) + (H768 * D768)),=(E768 + (F768 + G768))
,,,,,,,,=(((E769 + (F769 + G769)) * C769) + (H769 * D769)),=(E769 + (F769 + G769))
,,,,,,,,=(((E770 + (F770 + G770)) * C770) + (H770 * D770)),=(E770 + (F770 + G770))
,,,,,,,,=(((E771 + (F771 + G771)) * C771) + (H771 * D771)),=(E771 + (F771 + G771))
,,,,,,,,=(((E772 + (F772 + G772)) * C772) + (H772 * D772)),=(E772 + (F772 + G772))
,,,,,,,,=(((E773 + (F773 + G773)) * C773) + (H773 * D773)),=(E773 + (F773 + G773))
,,,,,,,,=(((E774 + (F774 + G774)) * C774) + (H774 * D774)),=(E774 + (F774 + G774))
,,,,,,,,=(((E775 + (F775 + G775)) * C775) + (H775 * D775)),=(E775 + (F775 + G775))
,,,,,,,,=(((E776 + (F776 + G776)) * C776) + (H776 * D776)),=(E776 + (F776 + G776))
,,,,,,,,=(((E777 + (F777 + G777)) * C777) + (H777 * D777)),=(E777 + (F777 + G777))
,,,,,,,,=(((E778 + (F778 + G778)) * C778) + (H778 * D778)),=(E778 + (F778 + G778))
,,,,,,,,=(((E779 + (F779 + G779)) * C779) + (H779 * D779)),=(E779 + (F779 + G779))
,,,,,,,,=(((E780 + (F780 + G780)) * C780) + (H780 * D780)),=(E780 + (F780 + G780))
,,,,,,,,=(((E781 + (F781 + G781)) * C781) + (H781 * D781)),=(E781 + (F781 + G781))
,,,,,,,,=(((E782 + (F782 + G782)) * C782) + (H782 * D782)),=(E782 + (F782 + G782))
,,,,,,,,=(((E783 + (F783 + G783)) * C783) + (H783 * D783)),=(E783 + (F783 + G783))
,,,,,,,,=(((E784 + (F784 + G784)) * C784) + (H784 * D784)),=(E784 + (F784 + G784))
,,,,,,,,=(((E785 + (F785 + G785)) * C785) + (H785 * D785)),=(E785 + (F785 + G785))
,,,,,,,,=(((E786 + (F786 + G786)) * C786) + (H786 * D786)),=(E786 + (F786 + G786))
,,,,,,,,=(((E787 + (F787 + G787)) * C787) + (H787 * D787)),=(E787 + (F787 + G787))
,,,,,,,,=(((E788 + (F788 + G788)) * C788) + (H788 * D788)),=(E788 + (F788 + G788))
,,,,,,,,=(((E789 + (F789 + G789)) * C789) + (H789 * D789)),=(E789 + (F789 + G789))
,,,,,,,,=(((E790 + (F790 + G790)) * C790) + (H790 * D790)),=(E790 + (F790 + G790))
,,,,,,,,=(((E791 + (F791 + G791)) * C791) + (H791 * D791)),=(E791 + (F791 + G791))
,,,,,,,,=(((E792 + (F792 + G792)) * C792) + (H792 * D792)),=(E792 + (F792 + G792))
,,,,,,,,=(((E793 + (F793 + G793)) * C793) + (H793 * D793)),=(E793 + (F793 + G793))
,,,,,,,,=(((E794 + (F794 + G794)) * C794) + (H794 * D794)),=(E794 + (F794 + G794))
,,,,,,,,=(((E795 + (F795 + G795)) * C795) + (H795 * D795)),=(E795 + (F795 + G795))
,,,,,,,,=(((E796 + (F796 + G796)) * C796) + (H796 * D796)),=(E796 + (F796 + G796))
,,,,,,,,=(((E797 + (F797 + G797)) * C797) + (H797 * D797)),=(E797 + (F797 + G797))
,,,,,,,,=(((E798 + (F798 + G798)) * C798) + (H798 * D798)),=(E798 + (F798 + G798))
,,,,,,,,=(((E799 + (F799 + G799)) * C799) + (H799 * D799)),=(E799 + (F799 + G799))
,,,,,,,,=(((E800 + (F800 + G800)) * C800) + (H800 * D800)),=(E800 + (F800 + G800))
,,,,,,,,=(((E801 + (F801 + G801)) * C801) + (H801 * D801)),=(E801 + (F801 + G801))
,,,,,,,,=(((E802 + (F802 + G802)) * C802) + (H802 * D802)),=(E802 + (F802 + G802))
,,,,,,,,=(((E803 + (F803 + G803)) * C803) + (H803 * D803)),=(E803 + (F803 + G803))
,,,,,,,,=(((E804 + (F804 + G804)) * C804) + (H804 * D804)),=(E804 + (F804 + G804))
,,,,,,,,=(((E805 + (F805 + G805)) * C805) + (H805 * D805)),=(E805 + (F805 + G805))
,,,,,,,,=(((E806 + (F806 + G806)) * C806) + (H806 * D806)),=(E806 + (F806 + G806))
,,,,,,,,=(((E807 + (F807 + G807)) * C807) + (H807 * D807)),=(E807 + (F807 + G807))
,,,,,,,,=(((E808 + (F808 + G808)) * C808) + (H808 * D808)),=(E808 + (F808 + G808))
,,,,,,,,=(((E809 + (F809 + G809)) * C809) + (H809 * D809)),=(E809 + (F809 + G809))
,,,,,,,,=(((E810 + (F810 + G810)) * C810) + (H810 * D810)),=(E810 + (F810 + G810))
,,,,,,,,=(((E811 + (F811 + G811)) * C811) + (H811 * D811)),=(E811 + (F811 + G811))
,,,,,,,,=(((E812 + (F812 + G812)) * C812) + (H812 * D812)),=(E812 + (F812 + G812))
,,,,,,,,=(((E813 + (F813 + G813)) * C813) + (H813 * D813)),=(E813 + (F813 + G813))
,,,,,,,,=(((E814 + (F814 + G814)) * C814) + (H814 * D814)),=(E814 + (F814 + G814))
,,,,,,,,=(((E815 + (F815 + G815)) * C815) + (H815 * D815)),=(E815 + (F815 + G815))
,,,,,,,,=(((E816 + (F816 + G816)) * C816) + (H816 * D816)),=(E816 + (F816 + G816))
,,,,,,,,=(((E817 + (F817 + G817)) * C817) + (H817 * D817)),=(E817 + (F817 + G817))
,,,,,,,,=(((E818 + (F818 + G818)) * C818) + (H818 * D818)),=(E818 + (F818 + G818))
,,,,,,,,=(((E819 + (F819 + G819)) * C819) + (H819 * D819)),=(E819 + (F819 + G819))
,,,,,,,,=(((E820 + (F820 + G820)) * C820) + (H820 * D820)),=(E820 + (F820 + G820))
,,,,,,,,=(((E821 + (F821 + G821)) * C821) + (H821 * D821)),=(E821 + (F821 + G821))
,,,,,,,,=(((E822 + (F822 + G822)) * C822) + (H822 * D822)),=(E822 + (F822 + G822))
,,,,,,,,=(((E823 + (F823 + G823)) * C823) + (H823 * D823)),=(E823 + (F823 + G823))
,,,,,,,,=(((E824 + (F824 + G824)) * C824) + (H824 * D824)),=(E824 + (F824 + G824))
,,,,,,,,=(((E825 + (F825 + G825)) * C825) + (H825 * D825)),=(E825 + (F825 + G825))
,,,,,,,,=(((E826 + (F826 + G826)) * C826) + (H826 * D826)),=(E826 + (F826 + G826))
,,,,,,,,=(((E827 + (F827 + G827)) * C827) + (H827 * D827)),=(E827 + (F827 + G827))
,,,,,,,,=(((E828 + (F828 + G828)) * C828) + (H828 * D828)),=(E828 + (F828 + G828))
,,,,,,,,=(((E829 + (F829 + G829)) * C829) + (H829 * D829)),=(E829 + (F829 + G829))
,,,,,,,,=(((E830 + (F830 + G830)) * C830) + (H830 * D830)),=(E830 + (F830 + G830))
,,,,,,,,=(((E831 + (F831 + G831)) * C831) + (H831 * D831)),=(E831 + (F831 + G831))
,,,,,,,,=(((E832 + (F832 + G832)) * C832) + (H832 * D832)),=(E832 + (F832 + G832))
,,,,,,,,=(((E833 + (F833 + G833)) * C833) + (H833 * D833)),=(E833 + (F833 + G833))
,,,,,,,,=(((E834 + (F834 + G834)) * C834) + (H834 * D834)),=(E834 + (F834 + G834))
,,,,,,,,=(((E835 + (F835 + G835)) * C835) + (H835 * D835)),=(E835 + (F835 + G835))
,,,,,,,,=(((E836 + (F836 + G836)) * C836) + (H836 * D836)),=(E836 + (F836 + G836))
,,,,,,,,=(((E837 + (F837 + G837)) * C837) + (H837 * D837)),=(E837 + (F837 + G837))
,,,,,,,,=(((E838 + (F838 + G838)) * C838) + (H838 * D838)),=(E838 + (F838 + G838))
,,,,,,,,=(((E839 + (F839 + G839)) * C839) + (H839 * D839)),=(E839 + (F839 + G839))
,,,,,,,,=(((E840 + (F840 + G840)) * C840) + (H840 * D840)),=(E840 + (F840 + G840))
,,,,,,,,=(((E841 + (F841 + G841)) * C841) + (H841 * D841)),=(E841 + (F841 + G841))
,,,,,,,,=(((E842 + (F842 + G842)) * C842) + (H842 * D842)),=(E842 + (F842 + G842))
,,,,,,,,=(((E843 + (F843 + G843)) * C843) + (H843 * D843)),=(E843 + (F843 + G843))
,,,,,,,,=(((E844 + (F844 + G844)) * C844) + (H844 * D844)),=(E844 + (F844 + G844))
,,,,,,,,=(((E845 + (F845 + G845)) * C845) + (H845 * D845)),=(E845 + (F845 + G845))
,,,,,,,,=(((E846 + (F846 + G846)) * C846) + (H846 * D846)),=(E846 + (F846 + G846))
,,,,,,,,=(((E847 + (F847 + G847)) * C847) + (H847 * D847)),=(E847 + (F847 + G847))
,,,,,,,,=(((E848 + (F848 + G848)) * C848) + (H848 * D848)),=(E848 + (F848 + G848))
,,,,,,,,=(((E849 + (F849 + G849)) * C849) + (H849 * D849)),=(E849 + (F849 + G849))
,,,,,,,,=(((E850 + (F850 + G850)) * C850) + (H850 * D850)),=(E850 + (F850 + G850))
,,,,,,,,=(((E851 + (F851 + G851)) * C851) + (H851 * D851)),=(E851 + (F851 + G851))
,,,,,,,,=(((E852 + (F852 + G852)) * C852) + (H852 * D852)),=(E852 + (F852 + G852))
,,,,,,,,=(((E853 + (F853 + G853)) * C853) + (H853 * D853)),=(E853 + (F853 + G853))
,,,,,,,,=(((E854 + (F854 + G854)) * C854) + (H854 * D854)),=(E854 + (F854 + G854))
,,,,,,,,=(((E855 + (F855 + G855)) * C855) + (H855 * D855)),=(E855 + (F855 + G855))
,,,,,,,,=(((E856 + (F856 + G856)) * C856) + (H856 * D856)),=(E856 + (F856 + G856))
,,,,,,,,=(((E857 + (F857 + G857)) * C857) + (H857 * D857)),=(E857 + (F857 + G857))
,,,,,,,,=(((E858 + (F858 + G858)) * C858) + (H858 * D858)),=(E858 + (F858 + G858))
,,,,,,,,=(((E859 + (F859 + G859)) * C859) + (H859 * D859)),=(E859 + (F859 + G859))
,,,,,,,,=(((E860 + (F860 + G860)) * C860) + (H860 * D860)),=(E860 + (F860 + G860))
,,,,,,,,=(((E861 + (F861 + G861)) * C861) + (H861 * D861)),=(E861 + (F861 + G861))
,,,,,,,,=(((E862 + (F862 + G862)) * C862) + (H862 * D862)),=(E862 + (F862 + G862))
,,,,,,,,=(((E863 + (F863 + G863)) * C863) + (H863 * D863)),=(E863 + (F863 + G863))
,,,,,,,,=(((E864 + (F864 + G864)) * C864) + (H864 * D864)),=(E864 + (F864 + G864))
,,,,,,,,=(((E865 + (F865 + G865)) * C865) + (H865 * D865)),=(E865 + (F865 + G865))
,,,,,,,,=(((E866 + (F866 + G866)) * C866) + (H866 * D866)),=(E866 + (F866 + G866))
,,,,,,,,=(((E867 + (F867 + G867)) * C867) + (H867 * D867)),=(E867 + (F867 + G867))
,,,,,,,,=(((E868 + (F868 + G868)) * C868) + (H868 * D868)),=(E868 + (F868 + G868))
,,,,,,,,=(((E869 + (F869 + G869)) * C869) + (H869 * D869)),=(E869 + (F869 + G869))
,,,,,,,,=(((E870 + (F870 + G870)) * C870) + (H870 * D870)),=(E870 + (F870 + G870))
,,,,,,,,=(((E871 + (F871 + G871)) * C871) + (H871 * D871)),=(E871 + (F871 + G871))
,,,,,,,,=(((E872 + (F872 + G872)) * C872) + (H872 * D872)),=(E872 + (F872 + G872))
,,,,,,,,=(((E873 + (F873 + G873)) * C873) + (H873 * D873)),=(E873 + (F873 + G873))
,,,,,,,,=(((E874 + (F874 + G874)) * C874) + (H874 * D874)),=(E874 + (F874 + G874))
,,,,,,,,=(((E875 + (F875 + G875)) * C875) + (H875 * D875)),=(E875 + (F875 + G875))
,,,,,,,,=(((E876 + (F876 + G876)) * C876) + (H876 * D876)),=(E876 + (F876 + G876))
,,,,,,,,=(((E877 + (F877 + G877)) * C877) + (H877 * D877)),=(E877 + (F877 + G877))
,,,,,,,,=(((E878 + (F878 + G878)) * C878) + (H878 * D878)),=(E878 + (F878 + G878))
,,,,,,,,=(((E879 + (F879 + G879)) * C879) + (H879 * D879)),=(E879 + (F879 + G879))
,,,,,,,,=(((E880 + (F880 + G880)) * C880) + (H880 * D880)),=(E880 + (F880 + G880))
,,,,,,,,=(((E881 + (F881 + G881)) * C881) + (H881 * D881)),=(E881 + (F881 + G881))
,,,,,,,,=(((E882 + (F882 + G882)) * C882) + (H882 * D882)),=(E882 + (F882 + G882))
,,,,,,,,=(((E883 + (F883 + G883)) * C883) + (H883 * D883)),=(E883 + (F883 + G883))
,,,,,,,,=(((E884 + (F884 + G884)) * C884) + (H884 * D884)),=(E884 + (F884 + G884))
,,,,,,,,=(((E885 + (F885 + G885)) * C885) + (H885 * D885)),=(E885 + (F885 + G885))
,,,,,,,,=(((E886 + (F886 + G886)) * C886) + (H886 * D886)),=(E886 + (F886 + G886))
,,,,,,,,=(((E887 + (F887 + G887)) * C887) + (H887 * D887)),=(E887 + (F887 + G887))
,,,,,,,,=(((E888 + (F888 + G888)) * C888) + (H888 * D888)),=(E888 + (F888 + G888))
,,,,,,,,=(((E889 + (F889 + G889)) * C889) + (H889 * D889)),=(E889 + (F889 + G889))
,,,,,,,,=(((E890 + (F890 + G890)) * C890) + (H890 * D890)),=(E890 + (F890 + G890))
,,,,,,,,=(((E891 + (F891 + G891)) * C891) + (H891 * D891)),=(E891 + (F891 + G891))
,,,,,,,,=(((E892 + (F892 + G892)) * C892) + (H892 * D892)),=(E892 + (F892 + G892))
,,,,,,,,=(((E893 + (F893 + G893)) * C893) + (H893 * D893)),=(E893 + (F893 + G893))
,,,,,,,,=(((E894 + (F894 + G894)) * C894) + (H894 * D894)),=(E894 + (F894 + G894))
,,,,,,,,=(((E895 + (F895 + G895)) * C895) + (H895 * D895)),=(E895 + (F895 + G895))
,,,,,,,,=(((E896 + (F896 + G896)) * C896) + (H896 * D896)),=(E896 + (F896 + G896))
,,,,,,,,=(((E897 + (F897 + G897)) * C897) + (H897 * D897)),=(E897 + (F897 + G897))
,,,,,,,,=(((E898 + (F898 + G898)) * C898) + (H898 * D898)),=(E898 + (F898 + G898))
,,,,,,,,=(((E899 + (F899 + G899)) * C899) + (H899 * D899)),=(E899 + (F899 + G899))
,,,,,,,,=(((E900 + (F900 + G900)) * C900) + (H900 * D900)),=(E900 + (F900 + G900))
,,,,,,,,=(((E901 + (F901 + G901)) * C901) + (H901 * D901)),=(E901 + (F901 + G901))
,,,,,,,,=(((E902 + (F902 + G902)) * C902) + (H902 * D902)),=(E902 + (F902 + G902))
,,,,,,,,=(((E903 + (F903 + G903)) * C903) + (H903 * D903)),=(E903 + (F903 + G903))
,,,,,,,,=(((E904 + (F904 + G904)) * C904) + (H904 * D904)),=(E904 + (F904 + G904))
,,,,,,,,=(((E905 + (F905 + G905)) * C905) + (H905 * D905)),=(E905 + (F905 + G905))
,,,,,,,,=(((E906 + (F906 + G906)) * C906) + (H906 * D906)),=(E906 + (F906 + G906))
,,,,,,,,=(((E907 + (F907 + G907)) * C907) + (H907 * D907)),=(E907 + (F907 + G907))
,,,,,,,,=(((E908 + (F908 + G908)) * C908) + (H908 * D908)),=(E908 + (F908 + G908))
,,,,,,,,=(((E909 + (F909 + G909)) * C909) + (H909 * D909)),=(E909 + (F909 + G909))
,,,,,,,,=(((E910 + (F910 + G910)) * C910) + (H910 * D910)),=(E910 + (F910 + G910))
,,,,,,,,=(((E911 + (F911 + G911)) * C911) + (H911 * D911)),=(E911 + (F911 + G911))
,,,,,,,,=(((E912 + (F912 + G912)) * C912) + (H912 * D912)),=(E912 + (F912 + G912))
,,,,,,,,=(((E913 + (F913 + G913)) * C913) + (H913 * D913)),=(E913 + (F913 + G913))
,,,,,,,,=(((E914 + (F914 + G914)) * C914) + (H914 * D914)),=(E914 + (F914 + G914))
,,,,,,,,=(((E915 + (F915 + G915)) * C915) + (H915 * D915)),=(E915 + (F915 + G915))
,,,,,,,,=(((E916 + (F916 + G916)) * C916) + (H916 * D916)),=(E916 + (F916 + G916))
,,,,,,,,=(((E917 + (F917 + G917)) * C917) + (H917 * D917)),=(E917 + (F917 + G917))
,,,,,,,,=(((E918 + (F918 + G918)) * C918) + (H918 * D918)),=(E918 + (F918 + G918))
,,,,,,,,=(((E919 + (F919 + G919)) * C919) + (H919 * D919)),=(E919 + (F919 + G919))
,,,,,,,,=(((E920 + (F920 + G920)) * C920) + (H920 * D920)),=(E920 + (F920 + G920))
,,,,,,,,=(((E921 + (F921 + G921)) * C921) + (H921 * D921)),=(E921 + (F921 + G921))
,,,,,,,,=(((E922 + (F922 + G922)) * C922) + (H922 * D922)),=(E922 + (F922 + G922))
,,,,,,,,=(((E923 + (F923 + G923)) * C923) + (H923 * D923)),=(E923 + (F923 + G923))
,,,,,,,,=(((E924 + (F924 + G924)) * C924) + (H924 * D924)),=(E924 + (F924 + G924))
,,,,,,,,=(((E925 + (F925 + G925)) * C925) + (H925 * D925)),=(E925 + (F925 + G925))
,,,,,,,,=(((E926 + (F926 + G926)) * C926) + (H926 * D926)),=(E926 + (F926 + G926))
,,,,,,,,=(((E927 + (F927 + G927)) * C927) + (H927 * D927)),=(E927 + (F927 + G927))
,,,,,,,,=(((E928 + (F928 + G928)) * C928) + (H928 * D928)),=(E928 + (F928 + G928))
,,,,,,,,=(((E929 + (F929 + G929)) * C929) + (H929 * D929)),=(E929 + (F929 + G929))
,,,,,,,,=(((E930 + (F930 + G930)) * C930) + (H930 * D930)),=(E930 + (F930 + G930))
,,,,,,,,=(((E931 + (F931 + G931)) * C931) + (H931 * D931)),=(E931 + (F931 + G931))
,,,,,,,,=(((E932 + (F932 + G932)) * C932) + (H932 * D932)),=(E932 + (F932 + G932))
,,,,,,,,=(((E933 + (F933 + G933)) * C933) + (H933 * D933)),=(E933 + (F933 + G933))
,,,,,,,,=(((E934 + (F934 + G934)) * C934) + (H934 * D934)),=(E934 + (F934 + G934))
,,,,,,,,=(((E935 + (F935 + G935)) * C935) + (H935 * D935)),=(E935 + (F935 + G935))
,,,,,,,,=(((E936 + (F936 + G936)) * C936) + (H936 * D936)),=(E936 + (F936 + G936))
,,,,,,,,=(((E937 + (F937 + G937)) * C937) + (H937 * D937)),=(E937 + (F937 + G937))
,,,,,,,,=(((E938 + (F938 + G938)) * C938) + (H938 * D938)),=(E938 + (F938 + G938))
,,,,,,,,=(((E939 + (F939 + G939)) * C939) + (H939 * D939)),=(E939 + (F939 + G939))
,,,,,,,,=(((E940 + (F940 + G940)) * C940) + (H940 * D940)),=(E940 + (F940 + G940))
,,,,,,,,=(((E941 + (F941 + G941)) * C941) + (H941 * D941)),=(E941 + (F941 + G941))
,,,,,,,,=(((E942 + (F942 + G942)) * C942) + (H942 * D942)),=(E942 + (F942 + G942))
,,,,,,,,=(((E943 + (F943 + G943)) * C943) + (H943 * D943)),=(E943 + (F943 + G943))
,,,,,,,,=(((E944 + (F944 + G944)) * C944) + (H944 * D944)),=(E944 + (F944 + G944))
,,,,,,,,=(((E945 + (F945 + G945)) * C945) + (H945 * D945)),=(E945 + (F945 + G945))
,,,,,,,,=(((E946 + (F946 + G946)) * C946) + (H946 * D946)),=(E946 + (F946 + G946))
,,,,,,,,=(((E947 + (F947 + G947)) * C947) + (H947 * D947)),=(E947 + (F947 + G947))
,,,,,,,,=(((E948 + (F948 + G948)) * C948) + (H948 * D948)),=(E948 + (F948 + G948))
,,,,,,,,=(((E949 + (F949 + G949)) * C949) + (H949 * D949)),=(E949 + (F949 + G949))
,,,,,,,,=(((E950 + (F950 + G950)) * C950) + (H950 * D950)),=(E950 + (F950 + G950))
,,,,,,,,=(((E951 + (F951 + G951)) * C951) + (H951 * D951)),=(E951 + (F951 + G951))
,,,,,,,,=(((E952 + (F952 + G952)) * C952) + (H952 * D952)),=(E952 + (F952 + G952))
,,,,,,,,=(((E953 + (F953 + G953)) * C953) + (H953 * D953)),=(E953 + (F953 + G953))
,,,,,,,,=(((E954 + (F954 + G954)) * C954) + (H954 * D954)),=(E954 + (F954 + G954))
,,,,,,,,=(((E955 + (F955 + G955)) * C955) + (H955 * D955)),=(E955 + (F955 + G955))
,,,,,,,,=(((E956 + (F956 + G956)) * C956) + (H956 * D956)),=(E956 + (F956 + G956))
,,,,,,,,=(((E957 + (F957 + G957)) * C957) + (H957 * D957)),=(E957 + (F957 + G957))
,,,,,,,,=(((E958 + (F958 + G958)) * C958) + (H958 * D958)),=(E958 + (F958 + G958))
,,,,,,,,=(((E959 + (F959 + G959)) * C959) + (H959 * D959)),=(E959 + (F959 + G959))
,,,,,,,,=(((E960 + (F960 + G960)) * C960) + (H960 * D960)),=(E960 + (F960 + G960))
,,,,,,,,=(((E961 + (F961 + G961)) * C961) + (H961 * D961)),=(E961 + (F961 + G961))
,,,,,,,,=(((E962 + (F962 + G962)) * C962) + (H962 * D962)),=(E962 + (F962 + G962))
,,,,,,,,=(((E963 + (F963 + G963)) * C963) + (H963 * D963)),=(E963 + (F963 + G963))
,,,,,,,,=(((E964 + (F964 + G964)) * C964) + (H964 * D964)),=(E964 + (F964 + G964))
,,,,,,,,=(((E965 + (F965 + G965)) * C965) + (H965 * D965)),=(E965 + (F965 + G965))
,,,,,,,,=(((E966 + (F966 + G966)) * C966) + (H966 * D966)),=(E966 + (F966 + G966))
,,,,,,,,=(((E967 + (F967 + G967)) * C967) + (H967 * D967)),=(E967 + (F967 + G967))
,,,,,,,,=(((E968 + (F968 + G968)) * C968) + (H968 * D968)),=(E968 + (F968 + G968))
,,,,,,,,=(((E969 + (F969 + G969)) * C969) + (H969 * D969)),=(E969 + (F969 + G969))
,,,,,,,,=(((E970 + (F970 + G970)) * C970) + (H970 * D970)),=(E970 + (F970 + G970))
,,,,,,,,=(((E971 + (F971 + G971)) * C971) + (H971 * D971)),=(E971 + (F971 + G971))
,,,,,,,,=(((E972 + (F972 + G972)) * C972) + (H972 * D972)),=(E972 + (F972 + G972))
,,,,,,,,=(((E973 + (F973 + G973)) * C973) + (H973 * D973)),=(E973 + (F973 + G973))
,,,,,,,,=(((E974 + (F974 + G974)) * C974) + (H974 * D974)),=(E974 + (F974 + G974))
,,,,,,,,=(((E975 + (F975 + G975)) * C975) + (H975 * D975)),=(E975 + (F975 + G975))
,,,,,,,,=(((E976 + (F976 + G976)) * C976) + (H976 * D976)),=(E976 + (F976 + G976))
,,,,,,,,=(((E977 + (F977 + G977)) * C977) + (H977 * D977)),=(E977 + (F977 + G977))
,,,,,,,,=(((E978 + (F978 + G978)) * C978) + (H978 * D978)),=(E978 + (F978 + G978))
,,,,,,,,=(((E979 + (F979 + G979)) * C979) + (H979 * D979)),=(E979 + (F979 + G979))
,,,,,,,,=(((E980 + (F980 + G980)) * C980) + (H980 * D980)),=(E980 + (F980 + G980))
,,,,,,,,=(((E981 + (F981 + G981)) * C981) + (H981 * D981)),=(E981 + (F981 + G981))
,,,,,,,,=(((E982 + (F982 + G982)) * C982) + (H982 * D982)),=(E982 + (F982 + G982))
,,,,,,,,=(((E983 + (F983 + G983)) * C983) + (H983 * D983)),=(E983 + (F983 + G983))
,,,,,,,,=(((E984 + (F984 + G984)) * C984) + (H984 * D984)),=(E984 + (F984 + G984))
,,,,,,,,=(((E985 + (F985 + G985)) * C985) + (H985 * D985)),=(E985 + (F985 + G985))
,,,,,,,,=(((E986 + (F986 + G986)) * C986) + (H986 * D986)),=(E986 + (F986 + G986))
,,,,,,,,=(((E987 + (F987 + G987)) * C987) + (H987 * D987)),=(E987 + (F987 + G987))
,,,,,,,,=(((E988 + (F988 + G988)) * C988) + (H988 * D988)),=(E988 + (F988 + G988))
,,,,,,,,=(((E989 + (F989 + G989)) * C989) + (H989 * D989)),=(E989 + (F989 + G989))
,,,,,,,,=(((E990 + (F990 + G990)) * C990) + (H990 * D990)),=(E990 + (F990 + G990))
,,,,,,,,=(((E991 + (F991 + G991)) * C991) + (H991 * D991)),=(E991 + (F991 + G991))
,,,,,,,,=(((E992 + (F992 + G992)) * C992) + (H992 * D992)),=(E992 + (F992 + G992))
,,,,,,,,=(((E993 + (F993 + G993)) * C993) + (H993 * D993)),=(E993 + (F993 + G993))
,,,,,,,,=(((E994 + (F994 + G994)) * C994) + (H994 * D994)),=(E994 + (F994 + G994))
,,,,,,,,=(((E995 + (F995 + G995)) * C995) + (H995 * D995)),=(E995 + (F995 + G995))
,,,,,,,,=(((E996 + (F996 + G996)) * C996) + (H996 * D996)),=(E996 + (F996 + G996))
,,,,,,,,=(((E997 + (F997 + G997)) * C997) + (H997 * D997)),=(E997 + (F997 + G997))
,,,,,,,,=(((E998 + (F998 + G998)) * C998) + (H998 * D998)),=(E998 + (F998 + G998))
,,,,,,,,=(((E999 + (F999 + G999)) * C999) + (H999 * D999)),=(E999 + (F999 + G999))
,,,,,,,,=(((E1000 + (F1000 + G1000)) * C1000) + (H1000 * D1000)),=(E1000 + (F1000 + G1000))
