Ticker:,,,,
Current Price:,=GOOGLEFINANCE(B1),,,
,,,,
Wallet Value:,=(SUM(A7:A) * GOOGLEFINANCE(B1)),,,
,,,,
Amount,Date,Fees,Price at Date,Note
,,,"=(INDEX(GOOGLEFINANCE(B1, """"price"""", B7), 2, 2) * A7)",
,,,"=(INDEX(GOOGLEFINANCE(B1, """"price"""", B8), 2, 2) * A8)",
,,,"=(INDEX(GOOGLEFINANCE(B1, """"price"""", B9), 2, 2) * A9)",
,,,"=(INDEX(GOOGLEFINANCE(B1, """"price"""", B10), 2, 2) * A10)",
,,,"=(INDEX(GOOGLEFINANCE(B1, """"price"""", B11), 2, 2) * A11)",
,,,"=(INDEX(GOOGLEFINANCE(B1, """"price"""", B12), 2, 2) * A12)",
,,,"=(INDEX(GOOGLEFINANCE(B1, """"price"""", B13), 2, 2) * A13)",
,,,"=(INDEX(GOOGLEFINANCE(B1, """"price"""", B14), 2, 2) * A14)",
,,,"=(INDEX(GOOGLEFINANCE(B1, """"price"""", B15), 2, 2) * A15)",
,,,"=(INDEX(GOOGLEFINANCE(B1, """"price"""", B16), 2, 2) * A16)",
,,,"=(INDEX(GOOGLEFINANCE(B1, """"price"""", B17), 2, 2) * A17)",
,,,"=(INDEX(GOOGLEFINANCE(B1, """"price"""", B18), 2, 2) * A18)",
,,,"=(INDEX(GOOGLEFINANCE(B1, """"price"""", B19), 2, 2) * A19)",
,,,"=(INDEX(GOOGLEFINANCE(B1, """"price"""", B20), 2, 2) * A20)",
,,,"=(INDEX(GOOGLEFINANCE(B1, """"price"""", B21), 2, 2) * A21)",
,,,"=(INDEX(GOOGLEFINANCE(B1, """"price"""", B22), 2, 2) * A22)",
,,,"=(INDEX(GOOGLEFINANCE(B1, """"price"""", B23), 2, 2) * A23)",
,,,"=(INDEX(GOOGLEFINANCE(B1, """"price"""", B24), 2, 2) * A24)",
,,,"=(INDEX(GOOGLEFINANCE(B1, """"price"""", B25), 2, 2) * A25)",
,,,"=(INDEX(GOOGLEFINANCE(B1, """"price"""", B26), 2, 2) * A26)",
,,,"=(INDEX(GOOGLEFINANCE(B1, """"price"""", B27), 2, 2) * A27)",
,,,"=(INDEX(GOOGLEFINANCE(B1, """"price"""", B28), 2, 2) * A28)",
,,,"=(INDEX(GOOGLEFINANCE(B1, """"price"""", B29), 2, 2) * A29)",
,,,"=(INDEX(GOOGLEFINANCE(B1, """"price"""", B30), 2, 2) * A30)",
,,,"=(INDEX(GOOGLEFINANCE(B1, """"price"""", B31), 2, 2) * A31)",
,,,"=(INDEX(GOOGLEFINANCE(B1, """"price"""", B32), 2, 2) * A32)",
,,,"=(INDEX(GOOGLEFINANCE(B1, """"price"""", B33), 2, 2) * A33)",
,,,"=(INDEX(GOOGLEFINANCE(B1, """"price"""", B34), 2, 2) * A34)",
,,,"=(INDEX(GOOGLEFINANCE(B1, """"price"""", B35), 2, 2) * A35)",
,,,"=(INDEX(GOOGLEFINANCE(B1, """"price"""", B36), 2, 2) * A36)",
,,,"=(INDEX(GOOGLEFINANCE(B1, """"price"""", B37), 2, 2) * A37)",
,,,"=(INDEX(GOOGLEFINANCE(B1, """"price"""", B38), 2, 2) * A38)",
,,,"=(INDEX(GOOGLEFINANCE(B1, """"price"""", B39), 2, 2) * A39)",
,,,"=(INDEX(GOOGLEFINANCE(B1, """"price"""", B40), 2, 2) * A40)",
,,,"=(INDEX(GOOGLEFINANCE(B1, """"price"""", B41), 2, 2) * A41)",
,,,"=(INDEX(GOOGLEFINANCE(B1, """"price"""", B42), 2, 2) * A42)",
,,,"=(INDEX(GOOGLEFINANCE(B1, """"price"""", B43), 2, 2) * A43)",
,,,"=(INDEX(GOOGLEFINANCE(B1, """"price"""", B44), 2, 2) * A44)",
,,,"=(INDEX(GOOGLEFINANCE(B1, """"price"""", B45), 2, 2) * A45)",
,,,"=(INDEX(GOOGLEFINANCE(B1, """"price"""", B46), 2, 2) * A46)",
,,,"=(INDEX(GOOGLEFINANCE(B1, """"price"""", B47), 2, 2) * A47)",
,,,"=(INDEX(GOOGLEFINANCE(B1, """"price"""", B48), 2, 2) * A48)",
,,,"=(INDEX(GOOGLEFINANCE(B1, """"price"""", B49), 2, 2) * A49)",
,,,"=(INDEX(GOOGLEFINANCE(B1, """"price"""", B50), 2, 2) * A50)",
,,,"=(INDEX(GOOGLEFINANCE(B1, """"price"""", B51), 2, 2) * A51)",
,,,"=(INDEX(GOOGLEFINANCE(B1, """"price"""", B52), 2, 2) * A52)",
,,,"=(INDEX(GOOGLEFINANCE(B1, """"price"""", B53), 2, 2) * A53)",
,,,"=(INDEX(GOOGLEFINANCE(B1, """"price"""", B54), 2, 2) * A54)",
,,,"=(INDEX(GOOGLEFINANCE(B1, """"price"""", B55), 2, 2) * A55)",
,,,"=(INDEX(GOOGLEFINANCE(B1, """"price"""", B56), 2, 2) * A56)",
,,,"=(INDEX(GOOGLEFINANCE(B1, """"price"""", B57), 2, 2) * A57)",
,,,"=(INDEX(GOOGLEFINANCE(B1, """"price"""", B58), 2, 2) * A58)",
,,,"=(INDEX(GOOGLEFINANCE(B1, """"price"""", B59), 2, 2) * A59)",
,,,"=(INDEX(GOOGLEFINANCE(B1, """"price"""", B60), 2, 2) * A60)",
,,,"=(INDEX(GOOGLEFINANCE(B1, """"price"""", B61), 2, 2) * A61)",
,,,"=(INDEX(GOOGLEFINANCE(B1, """"price"""", B62), 2, 2) * A62)",
,,,"=(INDEX(GOOGLEFINANCE(B1, """"price"""", B63), 2, 2) * A63)",
,,,"=(INDEX(GOOGLEFINANCE(B1, """"price"""", B64), 2, 2) * A64)",
,,,"=(INDEX(GOOGLEFINANCE(B1, """"price"""", B65), 2, 2) * A65)",
,,,"=(INDEX(GOOGLEFINANCE(B1, """"price"""", B66), 2, 2) * A66)",
,,,"=(INDEX(GOOGLEFINANCE(B1, """"price"""", B67), 2, 2) * A67)",
,,,"=(INDEX(GOOGLEFINANCE(B1, """"price"""", B68), 2, 2) * A68)",
,,,"=(INDEX(GOOGLEFINANCE(B1, """"price"""", B69), 2, 2) * A69)",
,,,"=(INDEX(GOOGLEFINANCE(B1, """"price"""", B70), 2, 2) * A70)",
,,,"=(INDEX(GOOGLEFINANCE(B1, """"price"""", B71), 2, 2) * A71)",
,,,"=(INDEX(GOOGLEFINANCE(B1, """"price"""", B72), 2, 2) * A72)",
,,,"=(INDEX(GOOGLEFINANCE(B1, """"price"""", B73), 2, 2) * A73)",
,,,"=(INDEX(GOOGLEFINANCE(B1, """"price"""", B74), 2, 2) * A74)",
,,,"=(INDEX(GOOGLEFINANCE(B1, """"price"""", B75), 2, 2) * A75)",
,,,"=(INDEX(GOOGLEFINANCE(B1, """"price"""", B76), 2, 2) * A76)",
,,,"=(INDEX(GOOGLEFINANCE(B1, """"price"""", B77), 2, 2) * A77)",
,,,"=(INDEX(GOOGLEFINANCE(B1, """"price"""", B78), 2, 2) * A78)",
,,,"=(INDEX(GOOGLEFINANCE(B1, """"price"""", B79), 2, 2) * A79)",
,,,"=(INDEX(GOOGLEFINANCE(B1, """"price"""", B80), 2, 2) * A80)",
,,,"=(INDEX(GOOGLEFINANCE(B1, """"price"""", B81), 2, 2) * A81)",
,,,"=(INDEX(GOOGLEFINANCE(B1, """"price"""", B82), 2, 2) * A82)",
,,,"=(INDEX(GOOGLEFINANCE(B1, """"price"""", B83), 2, 2) * A83)",
,,,"=(INDEX(GOOGLEFINANCE(B1, """"price"""", B84), 2, 2) * A84)",
,,,"=(INDEX(GOOGLEFINANCE(B1, """"price"""", B85), 2, 2) * A85)",
,,,"=(INDEX(GOOGLEFINANCE(B1, """"price"""", B86), 2, 2) * A86)",
,,,"=(INDEX(GOOGLEFINANCE(B1, """"price"""", B87), 2, 2) * A87)",
,,,"=(INDEX(GOOGLEFINANCE(B1, """"price"""", B88), 2, 2) * A88)",
,,,"=(INDEX(GOOGLEFINANCE(B1, """"price"""", B89), 2, 2) * A89)",
,,,"=(INDEX(GOOGLEFINANCE(B1, """"price"""", B90), 2, 2) * A90)",
,,,"=(INDEX(GOOGLEFINANCE(B1, """"price"""", B91), 2, 2) * A91)",
,,,"=(INDEX(GOOGLEFINANCE(B1, """"price"""", B92), 2, 2) * A92)",
,,,"=(INDEX(GOOGLEFINANCE(B1, """"price"""", B93), 2, 2) * A93)",
,,,"=(INDEX(GOOGLEFINANCE(B1, """"price"""", B94), 2, 2) * A94)",
,,,"=(INDEX(GOOGLEFINANCE(B1, """"price"""", B95), 2, 2) * A95)",
,,,"=(INDEX(GOOGLEFINANCE(B1, """"price"""", B96), 2, 2) * A96)",
,,,"=(INDEX(GOOGLEFINANCE(B1, """"price"""", B97), 2, 2) * A97)",
,,,"=(INDEX(GOOGLEFINANCE(B1, """"price"""", B98), 2, 2) * A98)",
,,,"=(INDEX(GOOGLEFINANCE(B1, """"price"""", B99), 2, 2) * A99)",
,,,"=(INDEX(GOOGLEFINANCE(B1, """"price"""", B100), 2, 2) * A100)",
,,,"=(INDEX(GOOGLEFINANCE(B1, """"price"""", B101), 2, 2) * A101)",
,,,"=(INDEX(GOOGLEFINANCE(B1, """"price"""", B102), 2, 2) * A102)",
,,,"=(INDEX(GOOGLEFINANCE(B1, """"price"""", B103), 2, 2) * A103)",
,,,"=(INDEX(GOOGLEFINANCE(B1, """"price"""", B104), 2, 2) * A104)",
,,,"=(INDEX(GOOGLEFINANCE(B1, """"price"""", B105), 2, 2) * A105)",
,,,"=(INDEX(GOOGLEFINANCE(B1, """"price"""", B106), 2, 2) * A106)",
,,,"=(INDEX(GOOGLEFINANCE(B1, """"price"""", B107), 2, 2) * A107)",
,,,"=(INDEX(GOOGLEFINANCE(B1, """"price"""", B108), 2, 2) * A108)",
,,,"=(INDEX(GOOGLEFINANCE(B1, """"price"""", B109), 2, 2) * A109)",
,,,"=(INDEX(GOOGLEFINANCE(B1, """"price"""", B110), 2, 2) * A110)",
,,,"=(INDEX(GOOGLEFINANCE(B1, """"price"""", B111), 2, 2) * A111)",
,,,"=(INDEX(GOOGLEFINANCE(B1, """"price"""", B112), 2, 2) * A112)",
,,,"=(INDEX(GOOGLEFINANCE(B1, """"price"""", B113), 2, 2) * A113)",
,,,"=(INDEX(GOOGLEFINANCE(B1, """"price"""", B114), 2, 2) * A114)",
,,,"=(INDEX(GOOGLEFINANCE(B1, """"price"""", B115), 2, 2) * A115)",
,,,"=(INDEX(GOOGLEFINANCE(B1, """"price"""", B116), 2, 2) * A116)",
,,,"=(INDEX(GOOGLEFINANCE(B1, """"price"""", B117), 2, 2) * A117)",
,,,"=(INDEX(GOOGLEFINANCE(B1, """"price"""", B118), 2, 2) * A118)",
,,,"=(INDEX(GOOGLEFINANCE(B1, """"price"""", B119), 2, 2) * A119)",
,,,"=(INDEX(GOOGLEFINANCE(B1, """"price"""", B120), 2, 2) * A120)",
,,,"=(INDEX(GOOGLEFINANCE(B1, """"price"""", B121), 2, 2) * A121)",
,,,"=(INDEX(GOOGLEFINANCE(B1, """"price"""", B122), 2, 2) * A122)",
,,,"=(INDEX(GOOGLEFINANCE(B1, """"price"""", B123), 2, 2) * A123)",
,,,"=(INDEX(GOOGLEFINANCE(B1, """"price"""", B124), 2, 2) * A124)",
,,,"=(INDEX(GOOGLEFINANCE(B1, """"price"""", B125), 2, 2) * A125)",
,,,"=(INDEX(GOOGLEFINANCE(B1, """"price"""", B126), 2, 2) * A126)",
,,,"=(INDEX(GOOGLEFINANCE(B1, """"price"""", B127), 2, 2) * A127)",
,,,"=(INDEX(GOOGLEFINANCE(B1, """"price"""", B128), 2, 2) * A128)",
,,,"=(INDEX(GOOGLEFINANCE(B1, """"price"""", B129), 2, 2) * A129)",
,,,"=(INDEX(GOOGLEFINANCE(B1, """"price"""", B130), 2, 2) * A130)",
,,,"=(INDEX(GOOGLEFINANCE(B1, """"price"""", B131), 2, 2) * A131)",
,,,"=(INDEX(GOOGLEFINANCE(B1, """"price"""", B132), 2, 2) * A132)",
,,,"=(INDEX(GOOGLEFINANCE(B1, """"price"""", B133), 2, 2) * A133)",
,,,"=(INDEX(GOOGLEFINANCE(B1, """"price"""", B134), 2, 2) * A134)",
,,,"=(INDEX(GOOGLEFINANCE(B1, """"price"""", B135), 2, 2) * A135)",
,,,"=(INDEX(GOOGLEFINANCE(B1, """"price"""", B136), 2, 2) * A136)",
,,,"=(INDEX(GOOGLEFINANCE(B1, """"price"""", B137), 2, 2) * A137)",
,,,"=(INDEX(GOOGLEFINANCE(B1, """"price"""", B138), 2, 2) * A138)",
,,,"=(INDEX(GOOGLEFINANCE(B1, """"price"""", B139), 2, 2) * A139)",
,,,"=(INDEX(GOOGLEFINANCE(B1, """"price"""", B140), 2, 2) * A140)",
,,,"=(INDEX(GOOGLEFINANCE(B1, """"price"""", B141), 2, 2) * A141)",
,,,"=(INDEX(GOOGLEFINANCE(B1, """"price"""", B142), 2, 2) * A142)",
,,,"=(INDEX(GOOGLEFINANCE(B1, """"price"""", B143), 2, 2) * A143)",
,,,"=(INDEX(GOOGLEFINANCE(B1, """"price"""", B144), 2, 2) * A144)",
,,,"=(INDEX(GOOGLEFINANCE(B1, """"price"""", B145), 2, 2) * A145)",
,,,"=(INDEX(GOOGLEFINANCE(B1, """"price"""", B146), 2, 2) * A146)",
,,,"=(INDEX(GOOGLEFINANCE(B1, """"price"""", B147), 2, 2) * A147)",
,,,"=(INDEX(GOOGLEFINANCE(B1, """"price"""", B148), 2, 2) * A148)",
,,,"=(INDEX(GOOGLEFINANCE(B1, """"price"""", B149), 2, 2) * A149)",
,,,"=(INDEX(GOOGLEFINANCE(B1, """"price"""", B150), 2, 2) * A150)",
,,,"=(INDEX(GOOGLEFINANCE(B1, """"price"""", B151), 2, 2) * A151)",
,,,"=(INDEX(GOOGLEFINANCE(B1, """"price"""", B152), 2, 2) * A152)",
,,,"=(INDEX(GOOGLEFINANCE(B1, """"price"""", B153), 2, 2) * A153)",
,,,"=(INDEX(GOOGLEFINANCE(B1, """"price"""", B154), 2, 2) * A154)",
,,,"=(INDEX(GOOGLEFINANCE(B1, """"price"""", B155), 2, 2) * A155)",
,,,"=(INDEX(GOOGLEFINANCE(B1, """"price"""", B156), 2, 2) * A156)",
,,,"=(INDEX(GOOGLEFINANCE(B1, """"price"""", B157), 2, 2) * A157)",
,,,"=(INDEX(GOOGLEFINANCE(B1, """"price"""", B158), 2, 2) * A158)",
,,,"=(INDEX(GOOGLEFINANCE(B1, """"price"""", B159), 2, 2) * A159)",
,,,"=(INDEX(GOOGLEFINANCE(B1, """"price"""", B160), 2, 2) * A160)",
,,,"=(INDEX(GOOGLEFINANCE(B1, """"price"""", B161), 2, 2) * A161)",
,,,"=(INDEX(GOOGLEFINANCE(B1, """"price"""", B162), 2, 2) * A162)",
,,,"=(INDEX(GOOGLEFINANCE(B1, """"price"""", B163), 2, 2) * A163)",
,,,"=(INDEX(GOOGLEFINANCE(B1, """"price"""", B164), 2, 2) * A164)",
,,,"=(INDEX(GOOGLEFINANCE(B1, """"price"""", B165), 2, 2) * A165)",
,,,"=(INDEX(GOOGLEFINANCE(B1, """"price"""", B166), 2, 2) * A166)",
,,,"=(INDEX(GOOGLEFINANCE(B1, """"price"""", B167), 2, 2) * A167)",
,,,"=(INDEX(GOOGLEFINANCE(B1, """"price"""", B168), 2, 2) * A168)",
,,,"=(INDEX(GOOGLEFINANCE(B1, """"price"""", B169), 2, 2) * A169)",
,,,"=(INDEX(GOOGLEFINANCE(B1, """"price"""", B170), 2, 2) * A170)",
,,,"=(INDEX(GOOGLEFINANCE(B1, """"price"""", B171), 2, 2) * A171)",
,,,"=(INDEX(GOOGLEFINANCE(B1, """"price"""", B172), 2, 2) * A172)",
,,,"=(INDEX(GOOGLEFINANCE(B1, """"price"""", B173), 2, 2) * A173)",
,,,"=(INDEX(GOOGLEFINANCE(B1, """"price"""", B174), 2, 2) * A174)",
,,,"=(INDEX(GOOGLEFINANCE(B1, """"price"""", B175), 2, 2) * A175)",
,,,"=(INDEX(GOOGLEFINANCE(B1, """"price"""", B176), 2, 2) * A176)",
,,,"=(INDEX(GOOGLEFINANCE(B1, """"price"""", B177), 2, 2) * A177)",
,,,"=(INDEX(GOOGLEFINANCE(B1, """"price"""", B178), 2, 2) * A178)",
,,,"=(INDEX(GOOGLEFINANCE(B1, """"price"""", B179), 2, 2) * A179)",
,,,"=(INDEX(GOOGLEFINANCE(B1, """"price"""", B180), 2, 2) * A180)",
,,,"=(INDEX(GOOGLEFINANCE(B1, """"price"""", B181), 2, 2) * A181)",
,,,"=(INDEX(GOOGLEFINANCE(B1, """"price"""", B182), 2, 2) * A182)",
,,,"=(INDEX(GOOGLEFINANCE(B1, """"price"""", B183), 2, 2) * A183)",
,,,"=(INDEX(GOOGLEFINANCE(B1, """"price"""", B184), 2, 2) * A184)",
,,,"=(INDEX(GOOGLEFINANCE(B1, """"price"""", B185), 2, 2) * A185)",
,,,"=(INDEX(GOOGLEFINANCE(B1, """"price"""", B186), 2, 2) * A186)",
,,,"=(INDEX(GOOGLEFINANCE(B1, """"price"""", B187), 2, 2) * A187)",
,,,"=(INDEX(GOOGLEFINANCE(B1, """"price"""", B188), 2, 2) * A188)",
,,,"=(INDEX(GOOGLEFINANCE(B1, """"price"""", B189), 2, 2) * A189)",
,,,"=(INDEX(GOOGLEFINANCE(B1, """"price"""", B190), 2, 2) * A190)",
,,,"=(INDEX(GOOGLEFINANCE(B1, """"price"""", B191), 2, 2) * A191)",
,,,"=(INDEX(GOOGLEFINANCE(B1, """"price"""", B192), 2, 2) * A192)",
,,,"=(INDEX(GOOGLEFINANCE(B1, """"price"""", B193), 2, 2) * A193)",
,,,"=(INDEX(GOOGLEFINANCE(B1, """"price"""", B194), 2, 2) * A194)",
,,,"=(INDEX(GOOGLEFINANCE(B1, """"price"""", B195), 2, 2) * A195)",
,,,"=(INDEX(GOOGLEFINANCE(B1, """"price"""", B196), 2, 2) * A196)",
,,,"=(INDEX(GOOGLEFINANCE(B1, """"price"""", B197), 2, 2) * A197)",
,,,"=(INDEX(GOOGLEFINANCE(B1, """"price"""", B198), 2, 2) * A198)",
,,,"=(INDEX(GOOGLEFINANCE(B1, """"price"""", B199), 2, 2) * A199)",
,,,"=(INDEX(GOOGLEFINANCE(B1, """"price"""", B200), 2, 2) * A200)",
,,,"=(INDEX(GOOGLEFINANCE(B1, """"price"""", B201), 2, 2) * A201)",
,,,"=(INDEX(GOOGLEFINANCE(B1, """"price"""", B202), 2, 2) * A202)",
,,,"=(INDEX(GOOGLEFINANCE(B1, """"price"""", B203), 2, 2) * A203)",
,,,"=(INDEX(GOOGLEFINANCE(B1, """"price"""", B204), 2, 2) * A204)",
,,,"=(INDEX(GOOGLEFINANCE(B1, """"price"""", B205), 2, 2) * A205)",
,,,"=(INDEX(GOOGLEFINANCE(B1, """"price"""", B206), 2, 2) * A206)",
,,,"=(INDEX(GOOGLEFINANCE(B1, """"price"""", B207), 2, 2) * A207)",
,,,"=(INDEX(GOOGLEFINANCE(B1, """"price"""", B208), 2, 2) * A208)",
,,,"=(INDEX(GOOGLEFINANCE(B1, """"price"""", B209), 2, 2) * A209)",
,,,"=(INDEX(GOOGLEFINANCE(B1, """"price"""", B210), 2, 2) * A210)",
,,,"=(INDEX(GOOGLEFINANCE(B1, """"price"""", B211), 2, 2) * A211)",
,,,"=(INDEX(GOOGLEFINANCE(B1, """"price"""", B212), 2, 2) * A212)",
,,,"=(INDEX(GOOGLEFINANCE(B1, """"price"""", B213), 2, 2) * A213)",
,,,"=(INDEX(GOOGLEFINANCE(B1, """"price"""", B214), 2, 2) * A214)",
,,,"=(INDEX(GOOGLEFINANCE(B1, """"price"""", B215), 2, 2) * A215)",
,,,"=(INDEX(GOOGLEFINANCE(B1, """"price"""", B216), 2, 2) * A216)",
,,,"=(INDEX(GOOGLEFINANCE(B1, """"price"""", B217), 2, 2) * A217)",
,,,"=(INDEX(GOOGLEFINANCE(B1, """"price"""", B218), 2, 2) * A218)",
,,,"=(INDEX(GOOGLEFINANCE(B1, """"price"""", B219), 2, 2) * A219)",
,,,"=(INDEX(GOOGLEFINANCE(B1, """"price"""", B220), 2, 2) * A220)",
,,,"=(INDEX(GOOGLEFINANCE(B1, """"price"""", B221), 2, 2) * A221)",
,,,"=(INDEX(GOOGLEFINANCE(B1, """"price"""", B222), 2, 2) * A222)",
,,,"=(INDEX(GOOGLEFINANCE(B1, """"price"""", B223), 2, 2) * A223)",
,,,"=(INDEX(GOOGLEFINANCE(B1, """"price"""", B224), 2, 2) * A224)",
,,,"=(INDEX(GOOGLEFINANCE(B1, """"price"""", B225), 2, 2) * A225)",
,,,"=(INDEX(GOOGLEFINANCE(B1, """"price"""", B226), 2, 2) * A226)",
,,,"=(INDEX(GOOGLEFINANCE(B1, """"price"""", B227), 2, 2) * A227)",
,,,"=(INDEX(GOOGLEFINANCE(B1, """"price"""", B228), 2, 2) * A228)",
,,,"=(INDEX(GOOGLEFINANCE(B1, """"price"""", B229), 2, 2) * A229)",
,,,"=(INDEX(GOOGLEFINANCE(B1, """"price"""", B230), 2, 2) * A230)",
,,,"=(INDEX(GOOGLEFINANCE(B1, """"price"""", B231), 2, 2) * A231)",
,,,"=(INDEX(GOOGLEFINANCE(B1, """"price"""", B232), 2, 2) * A232)",
,,,"=(INDEX(GOOGLEFINANCE(B1, """"price"""", B233), 2, 2) * A233)",
,,,"=(INDEX(GOOGLEFINANCE(B1, """"price"""", B234), 2, 2) * A234)",
,,,"=(INDEX(GOOGLEFINANCE(B1, """"price"""", B235), 2, 2) * A235)",
,,,"=(INDEX(GOOGLEFINANCE(B1, """"price"""", B236), 2, 2) * A236)",
,,,"=(INDEX(GOOGLEFINANCE(B1, """"price"""", B237), 2, 2) * A237)",
,,,"=(INDEX(GOOGLEFINANCE(B1, """"price"""", B238), 2, 2) * A238)",
,,,"=(INDEX(GOOGLEFINANCE(B1, """"price"""", B239), 2, 2) * A239)",
,,,"=(INDEX(GOOGLEFINANCE(B1, """"price"""", B240), 2, 2) * A240)",
,,,"=(INDEX(GOOGLEFINANCE(B1, """"price"""", B241), 2, 2) * A241)",
,,,"=(INDEX(GOOGLEFINANCE(B1, """"price"""", B242), 2, 2) * A242)",
,,,"=(INDEX(GOOGLEFINANCE(B1, """"price"""", B243), 2, 2) * A243)",
,,,"=(INDEX(GOOGLEFINANCE(B1, """"price"""", B244), 2, 2) * A244)",
,,,"=(INDEX(GOOGLEFINANCE(B1, """"price"""", B245), 2, 2) * A245)",
,,,"=(INDEX(GOOGLEFINANCE(B1, """"price"""", B246), 2, 2) * A246)",
,,,"=(INDEX(GOOGLEFINANCE(B1, """"price"""", B247), 2, 2) * A247)",
,,,"=(INDEX(GOOGLEFINANCE(B1, """"price"""", B248), 2, 2) * A248)",
,,,"=(INDEX(GOOGLEFINANCE(B1, """"price"""", B249), 2, 2) * A249)",
,,,"=(INDEX(GOOGLEFINANCE(B1, """"price"""", B250), 2, 2) * A250)",
,,,"=(INDEX(GOOGLEFINANCE(B1, """"price"""", B251), 2, 2) * A251)",
,,,"=(INDEX(GOOGLEFINANCE(B1, """"price"""", B252), 2, 2) * A252)",
,,,"=(INDEX(GOOGLEFINANCE(B1, """"price"""", B253), 2, 2) * A253)",
,,,"=(INDEX(GOOGLEFINANCE(B1, """"price"""", B254), 2, 2) * A254)",
,,,"=(INDEX(GOOGLEFINANCE(B1, """"price"""", B255), 2, 2) * A255)",
,,,"=(INDEX(GOOGLEFINANCE(B1, """"price"""", B256), 2, 2) * A256)",
,,,"=(INDEX(GOOGLEFINANCE(B1, """"price"""", B257), 2, 2) * A257)",
,,,"=(INDEX(GOOGLEFINANCE(B1, """"price"""", B258), 2, 2) * A258)",
,,,"=(INDEX(GOOGLEFINANCE(B1, """"price"""", B259), 2, 2) * A259)",
,,,"=(INDEX(GOOGLEFINANCE(B1, """"price"""", B260), 2, 2) * A260)",
,,,"=(INDEX(GOOGLEFINANCE(B1, """"price"""", B261), 2, 2) * A261)",
,,,"=(INDEX(GOOGLEFINANCE(B1, """"price"""", B262), 2, 2) * A262)",
,,,"=(INDEX(GOOGLEFINANCE(B1, """"price"""", B263), 2, 2) * A263)",
,,,"=(INDEX(GOOGLEFINANCE(B1, """"price"""", B264), 2, 2) * A264)",
,,,"=(INDEX(GOOGLEFINANCE(B1, """"price"""", B265), 2, 2) * A265)",
,,,"=(INDEX(GOOGLEFINANCE(B1, """"price"""", B266), 2, 2) * A266)",
,,,"=(INDEX(GOOGLEFINANCE(B1, """"price"""", B267), 2, 2) * A267)",
,,,"=(INDEX(GOOGLEFINANCE(B1, """"price"""", B268), 2, 2) * A268)",
,,,"=(INDEX(GOOGLEFINANCE(B1, """"price"""", B269), 2, 2) * A269)",
,,,"=(INDEX(GOOGLEFINANCE(B1, """"price"""", B270), 2, 2) * A270)",
,,,"=(INDEX(GOOGLEFINANCE(B1, """"price"""", B271), 2, 2) * A271)",
,,,"=(INDEX(GOOGLEFINANCE(B1, """"price"""", B272), 2, 2) * A272)",
,,,"=(INDEX(GOOGLEFINANCE(B1, """"price"""", B273), 2, 2) * A273)",
,,,"=(INDEX(GOOGLEFINANCE(B1, """"price"""", B274), 2, 2) * A274)",
,,,"=(INDEX(GOOGLEFINANCE(B1, """"price"""", B275), 2, 2) * A275)",
,,,"=(INDEX(GOOGLEFINANCE(B1, """"price"""", B276), 2, 2) * A276)",
,,,"=(INDEX(GOOGLEFINANCE(B1, """"price"""", B277), 2, 2) * A277)",
,,,"=(INDEX(GOOGLEFINANCE(B1, """"price"""", B278), 2, 2) * A278)",
,,,"=(INDEX(GOOGLEFINANCE(B1, """"price"""", B279), 2, 2) * A279)",
,,,"=(INDEX(GOOGLEFINANCE(B1, """"price"""", B280), 2, 2) * A280)",
,,,"=(INDEX(GOOGLEFINANCE(B1, """"price"""", B281), 2, 2) * A281)",
,,,"=(INDEX(GOOGLEFINANCE(B1, """"price"""", B282), 2, 2) * A282)",
,,,"=(INDEX(GOOGLEFINANCE(B1, """"price"""", B283), 2, 2) * A283)",
,,,"=(INDEX(GOOGLEFINANCE(B1, """"price"""", B284), 2, 2) * A284)",
,,,"=(INDEX(GOOGLEFINANCE(B1, """"price"""", B285), 2, 2) * A285)",
,,,"=(INDEX(GOOGLEFINANCE(B1, """"price"""", B286), 2, 2) * A286)",
,,,"=(INDEX(GOOGLEFINANCE(B1, """"price"""", B287), 2, 2) * A287)",
,,,"=(INDEX(GOOGLEFINANCE(B1, """"price"""", B288), 2, 2) * A288)",
,,,"=(INDEX(GOOGLEFINANCE(B1, """"price"""", B289), 2, 2) * A289)",
,,,"=(INDEX(GOOGLEFINANCE(B1, """"price"""", B290), 2, 2) * A290)",
,,,"=(INDEX(GOOGLEFINANCE(B1, """"price"""", B291), 2, 2) * A291)",
,,,"=(INDEX(GOOGLEFINANCE(B1, """"price"""", B292), 2, 2) * A292)",
,,,"=(INDEX(GOOGLEFINANCE(B1, """"price"""", B293), 2, 2) * A293)",
,,,"=(INDEX(GOOGLEFINANCE(B1, """"price"""", B294), 2, 2) * A294)",
,,,"=(INDEX(GOOGLEFINANCE(B1, """"price"""", B295), 2, 2) * A295)",
,,,"=(INDEX(GOOGLEFINANCE(B1, """"price"""", B296), 2, 2) * A296)",
,,,"=(INDEX(GOOGLEFINANCE(B1, """"price"""", B297), 2, 2) * A297)",
,,,"=(INDEX(GOOGLEFINANCE(B1, """"price"""", B298), 2, 2) * A298)",
,,,"=(INDEX(GOOGLEFINANCE(B1, """"price"""", B299), 2, 2) * A299)",
,,,"=(INDEX(GOOGLEFINANCE(B1, """"price"""", B300), 2, 2) * A300)",
,,,"=(INDEX(GOOGLEFINANCE(B1, """"price"""", B301), 2, 2) * A301)",
,,,"=(INDEX(GOOGLEFINANCE(B1, """"price"""", B302), 2, 2) * A302)",
,,,"=(INDEX(GOOGLEFINANCE(B1, """"price"""", B303), 2, 2) * A303)",
,,,"=(INDEX(GOOGLEFINANCE(B1, """"price"""", B304), 2, 2) * A304)",
,,,"=(INDEX(GOOGLEFINANCE(B1, """"price"""", B305), 2, 2) * A305)",
,,,"=(INDEX(GOOGLEFINANCE(B1, """"price"""", B306), 2, 2) * A306)",
,,,"=(INDEX(GOOGLEFINANCE(B1, """"price"""", B307), 2, 2) * A307)",
,,,"=(INDEX(GOOGLEFINANCE(B1, """"price"""", B308), 2, 2) * A308)",
,,,"=(INDEX(GOOGLEFINANCE(B1, """"price"""", B309), 2, 2) * A309)",
,,,"=(INDEX(GOOGLEFINANCE(B1, """"price"""", B310), 2, 2) * A310)",
,,,"=(INDEX(GOOGLEFINANCE(B1, """"price"""", B311), 2, 2) * A311)",
,,,"=(INDEX(GOOGLEFINANCE(B1, """"price"""", B312), 2, 2) * A312)",
,,,"=(INDEX(GOOGLEFINANCE(B1, """"price"""", B313), 2, 2) * A313)",
,,,"=(INDEX(GOOGLEFINANCE(B1, """"price"""", B314), 2, 2) * A314)",
,,,"=(INDEX(GOOGLEFINANCE(B1, """"price"""", B315), 2, 2) * A315)",
,,,"=(INDEX(GOOGLEFINANCE(B1, """"price"""", B316), 2, 2) * A316)",
,,,"=(INDEX(GOOGLEFINANCE(B1, """"price"""", B317), 2, 2) * A317)",
,,,"=(INDEX(GOOGLEFINANCE(B1, """"price"""", B318), 2, 2) * A318)",
,,,"=(INDEX(GOOGLEFINANCE(B1, """"price"""", B319), 2, 2) * A319)",
,,,"=(INDEX(GOOGLEFINANCE(B1, """"price"""", B320), 2, 2) * A320)",
,,,"=(INDEX(GOOGLEFINANCE(B1, """"price"""", B321), 2, 2) * A321)",
,,,"=(INDEX(GOOGLEFINANCE(B1, """"price"""", B322), 2, 2) * A322)",
,,,"=(INDEX(GOOGLEFINANCE(B1, """"price"""", B323), 2, 2) * A323)",
,,,"=(INDEX(GOOGLEFINANCE(B1, """"price"""", B324), 2, 2) * A324)",
,,,"=(INDEX(GOOGLEFINANCE(B1, """"price"""", B325), 2, 2) * A325)",
,,,"=(INDEX(GOOGLEFINANCE(B1, """"price"""", B326), 2, 2) * A326)",
,,,"=(INDEX(GOOGLEFINANCE(B1, """"price"""", B327), 2, 2) * A327)",
,,,"=(INDEX(GOOGLEFINANCE(B1, """"price"""", B328), 2, 2) * A328)",
,,,"=(INDEX(GOOGLEFINANCE(B1, """"price"""", B329), 2, 2) * A329)",
,,,"=(INDEX(GOOGLEFINANCE(B1, """"price"""", B330), 2, 2) * A330)",
,,,"=(INDEX(GOOGLEFINANCE(B1, """"price"""", B331), 2, 2) * A331)",
,,,"=(INDEX(GOOGLEFINANCE(B1, """"price"""", B332), 2, 2) * A332)",
,,,"=(INDEX(GOOGLEFINANCE(B1, """"price"""", B333), 2, 2) * A333)",
,,,"=(INDEX(GOOGLEFINANCE(B1, """"price"""", B334), 2, 2) * A334)",
,,,"=(INDEX(GOOGLEFINANCE(B1, """"price"""", B335), 2, 2) * A335)",
,,,"=(INDEX(GOOGLEFINANCE(B1, """"price"""", B336), 2, 2) * A336)",
,,,"=(INDEX(GOOGLEFINANCE(B1, """"price"""", B337), 2, 2) * A337)",
,,,"=(INDEX(GOOGLEFINANCE(B1, """"price"""", B338), 2, 2) * A338)",
,,,"=(INDEX(GOOGLEFINANCE(B1, """"price"""", B339), 2, 2) * A339)",
,,,"=(INDEX(GOOGLEFINANCE(B1, """"price"""", B340), 2, 2) * A340)",
,,,"=(INDEX(GOOGLEFINANCE(B1, """"price"""", B341), 2, 2) * A341)",
,,,"=(INDEX(GOOGLEFINANCE(B1, """"price"""", B342), 2, 2) * A342)",
,,,"=(INDEX(GOOGLEFINANCE(B1, """"price"""", B343), 2, 2) * A343)",
,,,"=(INDEX(GOOGLEFINANCE(B1, """"price"""", B344), 2, 2) * A344)",
,,,"=(INDEX(GOOGLEFINANCE(B1, """"price"""", B345), 2, 2) * A345)",
,,,"=(INDEX(GOOGLEFINANCE(B1, """"price"""", B346), 2, 2) * A346)",
,,,"=(INDEX(GOOGLEFINANCE(B1, """"price"""", B347), 2, 2) * A347)",
,,,"=(INDEX(GOOGLEFINANCE(B1, """"price"""", B348), 2, 2) * A348)",
,,,"=(INDEX(GOOGLEFINANCE(B1, """"price"""", B349), 2, 2) * A349)",
,,,"=(INDEX(GOOGLEFINANCE(B1, """"price"""", B350), 2, 2) * A350)",
,,,"=(INDEX(GOOGLEFINANCE(B1, """"price"""", B351), 2, 2) * A351)",
,,,"=(INDEX(GOOGLEFINANCE(B1, """"price"""", B352), 2, 2) * A352)",
,,,"=(INDEX(GOOGLEFINANCE(B1, """"price"""", B353), 2, 2) * A353)",
,,,"=(INDEX(GOOGLEFINANCE(B1, """"price"""", B354), 2, 2) * A354)",
,,,"=(INDEX(GOOGLEFINANCE(B1, """"price"""", B355), 2, 2) * A355)",
,,,"=(INDEX(GOOGLEFINANCE(B1, """"price"""", B356), 2, 2) * A356)",
,,,"=(INDEX(GOOGLEFINANCE(B1, """"price"""", B357), 2, 2) * A357)",
,,,"=(INDEX(GOOGLEFINANCE(B1, """"price"""", B358), 2, 2) * A358)",
,,,"=(INDEX(GOOGLEFINANCE(B1, """"price"""", B359), 2, 2) * A359)",
,,,"=(INDEX(GOOGLEFINANCE(B1, """"price"""", B360), 2, 2) * A360)",
,,,"=(INDEX(GOOGLEFINANCE(B1, """"price"""", B361), 2, 2) * A361)",
,,,"=(INDEX(GOOGLEFINANCE(B1, """"price"""", B362), 2, 2) * A362)",
,,,"=(INDEX(GOOGLEFINANCE(B1, """"price"""", B363), 2, 2) * A363)",
,,,"=(INDEX(GOOGLEFINANCE(B1, """"price"""", B364), 2, 2) * A364)",
,,,"=(INDEX(GOOGLEFINANCE(B1, """"price"""", B365), 2, 2) * A365)",
,,,"=(INDEX(GOOGLEFINANCE(B1, """"price"""", B366), 2, 2) * A366)",
,,,"=(INDEX(GOOGLEFINANCE(B1, """"price"""", B367), 2, 2) * A367)",
,,,"=(INDEX(GOOGLEFINANCE(B1, """"price"""", B368), 2, 2) * A368)",
,,,"=(INDEX(GOOGLEFINANCE(B1, """"price"""", B369), 2, 2) * A369)",
,,,"=(INDEX(GOOGLEFINANCE(B1, """"price"""", B370), 2, 2) * A370)",
,,,"=(INDEX(GOOGLEFINANCE(B1, """"price"""", B371), 2, 2) * A371)",
,,,"=(INDEX(GOOGLEFINANCE(B1, """"price"""", B372), 2, 2) * A372)",
,,,"=(INDEX(GOOGLEFINANCE(B1, """"price"""", B373), 2, 2) * A373)",
,,,"=(INDEX(GOOGLEFINANCE(B1, """"price"""", B374), 2, 2) * A374)",
,,,"=(INDEX(GOOGLEFINANCE(B1, """"price"""", B375), 2, 2) * A375)",
,,,"=(INDEX(GOOGLEFINANCE(B1, """"price"""", B376), 2, 2) * A376)",
,,,"=(INDEX(GOOGLEFINANCE(B1, """"price"""", B377), 2, 2) * A377)",
,,,"=(INDEX(GOOGLEFINANCE(B1, """"price"""", B378), 2, 2) * A378)",
,,,"=(INDEX(GOOGLEFINANCE(B1, """"price"""", B379), 2, 2) * A379)",
,,,"=(INDEX(GOOGLEFINANCE(B1, """"price"""", B380), 2, 2) * A380)",
,,,"=(INDEX(GOOGLEFINANCE(B1, """"price"""", B381), 2, 2) * A381)",
,,,"=(INDEX(GOOGLEFINANCE(B1, """"price"""", B382), 2, 2) * A382)",
,,,"=(INDEX(GOOGLEFINANCE(B1, """"price"""", B383), 2, 2) * A383)",
,,,"=(INDEX(GOOGLEFINANCE(B1, """"price"""", B384), 2, 2) * A384)",
,,,"=(INDEX(GOOGLEFINANCE(B1, """"price"""", B385), 2, 2) * A385)",
,,,"=(INDEX(GOOGLEFINANCE(B1, """"price"""", B386), 2, 2) * A386)",
,,,"=(INDEX(GOOGLEFINANCE(B1, """"price"""", B387), 2, 2) * A387)",
,,,"=(INDEX(GOOGLEFINANCE(B1, """"price"""", B388), 2, 2) * A388)",
,,,"=(INDEX(GOOGLEFINANCE(B1, """"price"""", B389), 2, 2) * A389)",
,,,"=(INDEX(GOOGLEFINANCE(B1, """"price"""", B390), 2, 2) * A390)",
,,,"=(INDEX(GOOGLEFINANCE(B1, """"price"""", B391), 2, 2) * A391)",
,,,"=(INDEX(GOOGLEFINANCE(B1, """"price"""", B392), 2, 2) * A392)",
,,,"=(INDEX(GOOGLEFINANCE(B1, """"price"""", B393), 2, 2) * A393)",
,,,"=(INDEX(GOOGLEFINANCE(B1, """"price"""", B394), 2, 2) * A394)",
,,,"=(INDEX(GOOGLEFINANCE(B1, """"price"""", B395), 2, 2) * A395)",
,,,"=(INDEX(GOOGLEFINANCE(B1, """"price"""", B396), 2, 2) * A396)",
,,,"=(INDEX(GOOGLEFINANCE(B1, """"price"""", B397), 2, 2) * A397)",
,,,"=(INDEX(GOOGLEFINANCE(B1, """"price"""", B398), 2, 2) * A398)",
,,,"=(INDEX(GOOGLEFINANCE(B1, """"price"""", B399), 2, 2) * A399)",
,,,"=(INDEX(GOOGLEFINANCE(B1, """"price"""", B400), 2, 2) * A400)",
,,,"=(INDEX(GOOGLEFINANCE(B1, """"price"""", B401), 2, 2) * A401)",
,,,"=(INDEX(GOOGLEFINANCE(B1, """"price"""", B402), 2, 2) * A402)",
,,,"=(INDEX(GOOGLEFINANCE(B1, """"price"""", B403), 2, 2) * A403)",
,,,"=(INDEX(GOOGLEFINANCE(B1, """"price"""", B404), 2, 2) * A404)",
,,,"=(INDEX(GOOGLEFINANCE(B1, """"price"""", B405), 2, 2) * A405)",
,,,"=(INDEX(GOOGLEFINANCE(B1, """"price"""", B406), 2, 2) * A406)",
,,,"=(INDEX(GOOGLEFINANCE(B1, """"price"""", B407), 2, 2) * A407)",
,,,"=(INDEX(GOOGLEFINANCE(B1, """"price"""", B408), 2, 2) * A408)",
,,,"=(INDEX(GOOGLEFINANCE(B1, """"price"""", B409), 2, 2) * A409)",
,,,"=(INDEX(GOOGLEFINANCE(B1, """"price"""", B410), 2, 2) * A410)",
,,,"=(INDEX(GOOGLEFINANCE(B1, """"price"""", B411), 2, 2) * A411)",
,,,"=(INDEX(GOOGLEFINANCE(B1, """"price"""", B412), 2, 2) * A412)",
,,,"=(INDEX(GOOGLEFINANCE(B1, """"price"""", B413), 2, 2) * A413)",
,,,"=(INDEX(GOOGLEFINANCE(B1, """"price"""", B414), 2, 2) * A414)",
,,,"=(INDEX(GOOGLEFINANCE(B1, """"price"""", B415), 2, 2) * A415)",
,,,"=(INDEX(GOOGLEFINANCE(B1, """"price"""", B416), 2, 2) * A416)",
,,,"=(INDEX(GOOGLEFINANCE(B1, """"price"""", B417), 2, 2) * A417)",
,,,"=(INDEX(GOOGLEFINANCE(B1, """"price"""", B418), 2, 2) * A418)",
,,,"=(INDEX(GOOGLEFINANCE(B1, """"price"""", B419), 2, 2) * A419)",
,,,"=(INDEX(GOOGLEFINANCE(B1, """"price"""", B420), 2, 2) * A420)",
,,,"=(INDEX(GOOGLEFINANCE(B1, """"price"""", B421), 2, 2) * A421)",
,,,"=(INDEX(GOOGLEFINANCE(B1, """"price"""", B422), 2, 2) * A422)",
,,,"=(INDEX(GOOGLEFINANCE(B1, """"price"""", B423), 2, 2) * A423)",
,,,"=(INDEX(GOOGLEFINANCE(B1, """"price"""", B424), 2, 2) * A424)",
,,,"=(INDEX(GOOGLEFINANCE(B1, """"price"""", B425), 2, 2) * A425)",
,,,"=(INDEX(GOOGLEFINANCE(B1, """"price"""", B426), 2, 2) * A426)",
,,,"=(INDEX(GOOGLEFINANCE(B1, """"price"""", B427), 2, 2) * A427)",
,,,"=(INDEX(GOOGLEFINANCE(B1, """"price"""", B428), 2, 2) * A428)",
,,,"=(INDEX(GOOGLEFINANCE(B1, """"price"""", B429), 2, 2) * A429)",
,,,"=(INDEX(GOOGLEFINANCE(B1, """"price"""", B430), 2, 2) * A430)",
,,,"=(INDEX(GOOGLEFINANCE(B1, """"price"""", B431), 2, 2) * A431)",
,,,"=(INDEX(GOOGLEFINANCE(B1, """"price"""", B432), 2, 2) * A432)",
,,,"=(INDEX(GOOGLEFINANCE(B1, """"price"""", B433), 2, 2) * A433)",
,,,"=(INDEX(GOOGLEFINANCE(B1, """"price"""", B434), 2, 2) * A434)",
,,,"=(INDEX(GOOGLEFINANCE(B1, """"price"""", B435), 2, 2) * A435)",
,,,"=(INDEX(GOOGLEFINANCE(B1, """"price"""", B436), 2, 2) * A436)",
,,,"=(INDEX(GOOGLEFINANCE(B1, """"price"""", B437), 2, 2) * A437)",
,,,"=(INDEX(GOOGLEFINANCE(B1, """"price"""", B438), 2, 2) * A438)",
,,,"=(INDEX(GOOGLEFINANCE(B1, """"price"""", B439), 2, 2) * A439)",
,,,"=(INDEX(GOOGLEFINANCE(B1, """"price"""", B440), 2, 2) * A440)",
,,,"=(INDEX(GOOGLEFINANCE(B1, """"price"""", B441), 2, 2) * A441)",
,,,"=(INDEX(GOOGLEFINANCE(B1, """"price"""", B442), 2, 2) * A442)",
,,,"=(INDEX(GOOGLEFINANCE(B1, """"price"""", B443), 2, 2) * A443)",
,,,"=(INDEX(GOOGLEFINANCE(B1, """"price"""", B444), 2, 2) * A444)",
,,,"=(INDEX(GOOGLEFINANCE(B1, """"price"""", B445), 2, 2) * A445)",
,,,"=(INDEX(GOOGLEFINANCE(B1, """"price"""", B446), 2, 2) * A446)",
,,,"=(INDEX(GOOGLEFINANCE(B1, """"price"""", B447), 2, 2) * A447)",
,,,"=(INDEX(GOOGLEFINANCE(B1, """"price"""", B448), 2, 2) * A448)",
,,,"=(INDEX(GOOGLEFINANCE(B1, """"price"""", B449), 2, 2) * A449)",
,,,"=(INDEX(GOOGLEFINANCE(B1, """"price"""", B450), 2, 2) * A450)",
,,,"=(INDEX(GOOGLEFINANCE(B1, """"price"""", B451), 2, 2) * A451)",
,,,"=(INDEX(GOOGLEFINANCE(B1, """"price"""", B452), 2, 2) * A452)",
,,,"=(INDEX(GOOGLEFINANCE(B1, """"price"""", B453), 2, 2) * A453)",
,,,"=(INDEX(GOOGLEFINANCE(B1, """"price"""", B454), 2, 2) * A454)",
,,,"=(INDEX(GOOGLEFINANCE(B1, """"price"""", B455), 2, 2) * A455)",
,,,"=(INDEX(GOOGLEFINANCE(B1, """"price"""", B456), 2, 2) * A456)",
,,,"=(INDEX(GOOGLEFINANCE(B1, """"price"""", B457), 2, 2) * A457)",
,,,"=(INDEX(GOOGLEFINANCE(B1, """"price"""", B458), 2, 2) * A458)",
,,,"=(INDEX(GOOGLEFINANCE(B1, """"price"""", B459), 2, 2) * A459)",
,,,"=(INDEX(GOOGLEFINANCE(B1, """"price"""", B460), 2, 2) * A460)",
,,,"=(INDEX(GOOGLEFINANCE(B1, """"price"""", B461), 2, 2) * A461)",
,,,"=(INDEX(GOOGLEFINANCE(B1, """"price"""", B462), 2, 2) * A462)",
,,,"=(INDEX(GOOGLEFINANCE(B1, """"price"""", B463), 2, 2) * A463)",
,,,"=(INDEX(GOOGLEFINANCE(B1, """"price"""", B464), 2, 2) * A464)",
,,,"=(INDEX(GOOGLEFINANCE(B1, """"price"""", B465), 2, 2) * A465)",
,,,"=(INDEX(GOOGLEFINANCE(B1, """"price"""", B466), 2, 2) * A466)",
,,,"=(INDEX(GOOGLEFINANCE(B1, """"price"""", B467), 2, 2) * A467)",
,,,"=(INDEX(GOOGLEFINANCE(B1, """"price"""", B468), 2, 2) * A468)",
,,,"=(INDEX(GOOGLEFINANCE(B1, """"price"""", B469), 2, 2) * A469)",
,,,"=(INDEX(GOOGLEFINANCE(B1, """"price"""", B470), 2, 2) * A470)",
,,,"=(INDEX(GOOGLEFINANCE(B1, """"price"""", B471), 2, 2) * A471)",
,,,"=(INDEX(GOOGLEFINANCE(B1, """"price"""", B472), 2, 2) * A472)",
,,,"=(INDEX(GOOGLEFINANCE(B1, """"price"""", B473), 2, 2) * A473)",
,,,"=(INDEX(GOOGLEFINANCE(B1, """"price"""", B474), 2, 2) * A474)",
,,,"=(INDEX(GOOGLEFINANCE(B1, """"price"""", B475), 2, 2) * A475)",
,,,"=(INDEX(GOOGLEFINANCE(B1, """"price"""", B476), 2, 2) * A476)",
,,,"=(INDEX(GOOGLEFINANCE(B1, """"price"""", B477), 2, 2) * A477)",
,,,"=(INDEX(GOOGLEFINANCE(B1, """"price"""", B478), 2, 2) * A478)",
,,,"=(INDEX(GOOGLEFINANCE(B1, """"price"""", B479), 2, 2) * A479)",
,,,"=(INDEX(GOOGLEFINANCE(B1, """"price"""", B480), 2, 2) * A480)",
,,,"=(INDEX(GOOGLEFINANCE(B1, """"price"""", B481), 2, 2) * A481)",
,,,"=(INDEX(GOOGLEFINANCE(B1, """"price"""", B482), 2, 2) * A482)",
,,,"=(INDEX(GOOGLEFINANCE(B1, """"price"""", B483), 2, 2) * A483)",
,,,"=(INDEX(GOOGLEFINANCE(B1, """"price"""", B484), 2, 2) * A484)",
,,,"=(INDEX(GOOGLEFINANCE(B1, """"price"""", B485), 2, 2) * A485)",
,,,"=(INDEX(GOOGLEFINANCE(B1, """"price"""", B486), 2, 2) * A486)",
,,,"=(INDEX(GOOGLEFINANCE(B1, """"price"""", B487), 2, 2) * A487)",
,,,"=(INDEX(GOOGLEFINANCE(B1, """"price"""", B488), 2, 2) * A488)",
,,,"=(INDEX(GOOGLEFINANCE(B1, """"price"""", B489), 2, 2) * A489)",
,,,"=(INDEX(GOOGLEFINANCE(B1, """"price"""", B490), 2, 2) * A490)",
,,,"=(INDEX(GOOGLEFINANCE(B1, """"price"""", B491), 2, 2) * A491)",
,,,"=(INDEX(GOOGLEFINANCE(B1, """"price"""", B492), 2, 2) * A492)",
,,,"=(INDEX(GOOGLEFINANCE(B1, """"price"""", B493), 2, 2) * A493)",
,,,"=(INDEX(GOOGLEFINANCE(B1, """"price"""", B494), 2, 2) * A494)",
,,,"=(INDEX(GOOGLEFINANCE(B1, """"price"""", B495), 2, 2) * A495)",
,,,"=(INDEX(GOOGLEFINANCE(B1, """"price"""", B496), 2, 2) * A496)",
,,,"=(INDEX(GOOGLEFINANCE(B1, """"price"""", B497), 2, 2) * A497)",
,,,"=(INDEX(GOOGLEFINANCE(B1, """"price"""", B498), 2, 2) * A498)",
,,,"=(INDEX(GOOGLEFINANCE(B1, """"price"""", B499), 2, 2) * A499)",
,,,"=(INDEX(GOOGLEFINANCE(B1, """"price"""", B500), 2, 2) * A500)",
,,,"=(INDEX(GOOGLEFINANCE(B1, """"price"""", B501), 2, 2) * A501)",
,,,"=(INDEX(GOOGLEFINANCE(B1, """"price"""", B502), 2, 2) * A502)",
,,,"=(INDEX(GOOGLEFINANCE(B1, """"price"""", B503), 2, 2) * A503)",
,,,"=(INDEX(GOOGLEFINANCE(B1, """"price"""", B504), 2, 2) * A504)",
,,,"=(INDEX(GOOGLEFINANCE(B1, """"price"""", B505), 2, 2) * A505)",
,,,"=(INDEX(GOOGLEFINANCE(B1, """"price"""", B506), 2, 2) * A506)",
,,,"=(INDEX(GOOGLEFINANCE(B1, """"price"""", B507), 2, 2) * A507)",
,,,"=(INDEX(GOOGLEFINANCE(B1, """"price"""", B508), 2, 2) * A508)",
,,,"=(INDEX(GOOGLEFINANCE(B1, """"price"""", B509), 2, 2) * A509)",
,,,"=(INDEX(GOOGLEFINANCE(B1, """"price"""", B510), 2, 2) * A510)",
,,,"=(INDEX(GOOGLEFINANCE(B1, """"price"""", B511), 2, 2) * A511)",
,,,"=(INDEX(GOOGLEFINANCE(B1, """"price"""", B512), 2, 2) * A512)",
,,,"=(INDEX(GOOGLEFINANCE(B1, """"price"""", B513), 2, 2) * A513)",
,,,"=(INDEX(GOOGLEFINANCE(B1, """"price"""", B514), 2, 2) * A514)",
,,,"=(INDEX(GOOGLEFINANCE(B1, """"price"""", B515), 2, 2) * A515)",
,,,"=(INDEX(GOOGLEFINANCE(B1, """"price"""", B516), 2, 2) * A516)",
,,,"=(INDEX(GOOGLEFINANCE(B1, """"price"""", B517), 2, 2) * A517)",
,,,"=(INDEX(GOOGLEFINANCE(B1, """"price"""", B518), 2, 2) * A518)",
,,,"=(INDEX(GOOGLEFINANCE(B1, """"price"""", B519), 2, 2) * A519)",
,,,"=(INDEX(GOOGLEFINANCE(B1, """"price"""", B520), 2, 2) * A520)",
,,,"=(INDEX(GOOGLEFINANCE(B1, """"price"""", B521), 2, 2) * A521)",
,,,"=(INDEX(GOOGLEFINANCE(B1, """"price"""", B522), 2, 2) * A522)",
,,,"=(INDEX(GOOGLEFINANCE(B1, """"price"""", B523), 2, 2) * A523)",
,,,"=(INDEX(GOOGLEFINANCE(B1, """"price"""", B524), 2, 2) * A524)",
,,,"=(INDEX(GOOGLEFINANCE(B1, """"price"""", B525), 2, 2) * A525)",
,,,"=(INDEX(GOOGLEFINANCE(B1, """"price"""", B526), 2, 2) * A526)",
,,,"=(INDEX(GOOGLEFINANCE(B1, """"price"""", B527), 2, 2) * A527)",
,,,"=(INDEX(GOOGLEFINANCE(B1, """"price"""", B528), 2, 2) * A528)",
,,,"=(INDEX(GOOGLEFINANCE(B1, """"price"""", B529), 2, 2) * A529)",
,,,"=(INDEX(GOOGLEFINANCE(B1, """"price"""", B530), 2, 2) * A530)",
,,,"=(INDEX(GOOGLEFINANCE(B1, """"price"""", B531), 2, 2) * A531)",
,,,"=(INDEX(GOOGLEFINANCE(B1, """"price"""", B532), 2, 2) * A532)",
,,,"=(INDEX(GOOGLEFINANCE(B1, """"price"""", B533), 2, 2) * A533)",
,,,"=(INDEX(GOOGLEFINANCE(B1, """"price"""", B534), 2, 2) * A534)",
,,,"=(INDEX(GOOGLEFINANCE(B1, """"price"""", B535), 2, 2) * A535)",
,,,"=(INDEX(GOOGLEFINANCE(B1, """"price"""", B536), 2, 2) * A536)",
,,,"=(INDEX(GOOGLEFINANCE(B1, """"price"""", B537), 2, 2) * A537)",
,,,"=(INDEX(GOOGLEFINANCE(B1, """"price"""", B538), 2, 2) * A538)",
,,,"=(INDEX(GOOGLEFINANCE(B1, """"price"""", B539), 2, 2) * A539)",
,,,"=(INDEX(GOOGLEFINANCE(B1, """"price"""", B540), 2, 2) * A540)",
,,,"=(INDEX(GOOGLEFINANCE(B1, """"price"""", B541), 2, 2) * A541)",
,,,"=(INDEX(GOOGLEFINANCE(B1, """"price"""", B542), 2, 2) * A542)",
,,,"=(INDEX(GOOGLEFINANCE(B1, """"price"""", B543), 2, 2) * A543)",
,,,"=(INDEX(GOOGLEFINANCE(B1, """"price"""", B544), 2, 2) * A544)",
,,,"=(INDEX(GOOGLEFINANCE(B1, """"price"""", B545), 2, 2) * A545)",
,,,"=(INDEX(GOOGLEFINANCE(B1, """"price"""", B546), 2, 2) * A546)",
,,,"=(INDEX(GOOGLEFINANCE(B1, """"price"""", B547), 2, 2) * A547)",
,,,"=(INDEX(GOOGLEFINANCE(B1, """"price"""", B548), 2, 2) * A548)",
,,,"=(INDEX(GOOGLEFINANCE(B1, """"price"""", B549), 2, 2) * A549)",
,,,"=(INDEX(GOOGLEFINANCE(B1, """"price"""", B550), 2, 2) * A550)",
,,,"=(INDEX(GOOGLEFINANCE(B1, """"price"""", B551), 2, 2) * A551)",
,,,"=(INDEX(GOOGLEFINANCE(B1, """"price"""", B552), 2, 2) * A552)",
,,,"=(INDEX(GOOGLEFINANCE(B1, """"price"""", B553), 2, 2) * A553)",
,,,"=(INDEX(GOOGLEFINANCE(B1, """"price"""", B554), 2, 2) * A554)",
,,,"=(INDEX(GOOGLEFINANCE(B1, """"price"""", B555), 2, 2) * A555)",
,,,"=(INDEX(GOOGLEFINANCE(B1, """"price"""", B556), 2, 2) * A556)",
,,,"=(INDEX(GOOGLEFINANCE(B1, """"price"""", B557), 2, 2) * A557)",
,,,"=(INDEX(GOOGLEFINANCE(B1, """"price"""", B558), 2, 2) * A558)",
,,,"=(INDEX(GOOGLEFINANCE(B1, """"price"""", B559), 2, 2) * A559)",
,,,"=(INDEX(GOOGLEFINANCE(B1, """"price"""", B560), 2, 2) * A560)",
,,,"=(INDEX(GOOGLEFINANCE(B1, """"price"""", B561), 2, 2) * A561)",
,,,"=(INDEX(GOOGLEFINANCE(B1, """"price"""", B562), 2, 2) * A562)",
,,,"=(INDEX(GOOGLEFINANCE(B1, """"price"""", B563), 2, 2) * A563)",
,,,"=(INDEX(GOOGLEFINANCE(B1, """"price"""", B564), 2, 2) * A564)",
,,,"=(INDEX(GOOGLEFINANCE(B1, """"price"""", B565), 2, 2) * A565)",
,,,"=(INDEX(GOOGLEFINANCE(B1, """"price"""", B566), 2, 2) * A566)",
,,,"=(INDEX(GOOGLEFINANCE(B1, """"price"""", B567), 2, 2) * A567)",
,,,"=(INDEX(GOOGLEFINANCE(B1, """"price"""", B568), 2, 2) * A568)",
,,,"=(INDEX(GOOGLEFINANCE(B1, """"price"""", B569), 2, 2) * A569)",
,,,"=(INDEX(GOOGLEFINANCE(B1, """"price"""", B570), 2, 2) * A570)",
,,,"=(INDEX(GOOGLEFINANCE(B1, """"price"""", B571), 2, 2) * A571)",
,,,"=(INDEX(GOOGLEFINANCE(B1, """"price"""", B572), 2, 2) * A572)",
,,,"=(INDEX(GOOGLEFINANCE(B1, """"price"""", B573), 2, 2) * A573)",
,,,"=(INDEX(GOOGLEFINANCE(B1, """"price"""", B574), 2, 2) * A574)",
,,,"=(INDEX(GOOGLEFINANCE(B1, """"price"""", B575), 2, 2) * A575)",
,,,"=(INDEX(GOOGLEFINANCE(B1, """"price"""", B576), 2, 2) * A576)",
,,,"=(INDEX(GOOGLEFINANCE(B1, """"price"""", B577), 2, 2) * A577)",
,,,"=(INDEX(GOOGLEFINANCE(B1, """"price"""", B578), 2, 2) * A578)",
,,,"=(INDEX(GOOGLEFINANCE(B1, """"price"""", B579), 2, 2) * A579)",
,,,"=(INDEX(GOOGLEFINANCE(B1, """"price"""", B580), 2, 2) * A580)",
,,,"=(INDEX(GOOGLEFINANCE(B1, """"price"""", B581), 2, 2) * A581)",
,,,"=(INDEX(GOOGLEFINANCE(B1, """"price"""", B582), 2, 2) * A582)",
,,,"=(INDEX(GOOGLEFINANCE(B1, """"price"""", B583), 2, 2) * A583)",
,,,"=(INDEX(GOOGLEFINANCE(B1, """"price"""", B584), 2, 2) * A584)",
,,,"=(INDEX(GOOGLEFINANCE(B1, """"price"""", B585), 2, 2) * A585)",
,,,"=(INDEX(GOOGLEFINANCE(B1, """"price"""", B586), 2, 2) * A586)",
,,,"=(INDEX(GOOGLEFINANCE(B1, """"price"""", B587), 2, 2) * A587)",
,,,"=(INDEX(GOOGLEFINANCE(B1, """"price"""", B588), 2, 2) * A588)",
,,,"=(INDEX(GOOGLEFINANCE(B1, """"price"""", B589), 2, 2) * A589)",
,,,"=(INDEX(GOOGLEFINANCE(B1, """"price"""", B590), 2, 2) * A590)",
,,,"=(INDEX(GOOGLEFINANCE(B1, """"price"""", B591), 2, 2) * A591)",
,,,"=(INDEX(GOOGLEFINANCE(B1, """"price"""", B592), 2, 2) * A592)",
,,,"=(INDEX(GOOGLEFINANCE(B1, """"price"""", B593), 2, 2) * A593)",
,,,"=(INDEX(GOOGLEFINANCE(B1, """"price"""", B594), 2, 2) * A594)",
,,,"=(INDEX(GOOGLEFINANCE(B1, """"price"""", B595), 2, 2) * A595)",
,,,"=(INDEX(GOOGLEFINANCE(B1, """"price"""", B596), 2, 2) * A596)",
,,,"=(INDEX(GOOGLEFINANCE(B1, """"price"""", B597), 2, 2) * A597)",
,,,"=(INDEX(GOOGLEFINANCE(B1, """"price"""", B598), 2, 2) * A598)",
,,,"=(INDEX(GOOGLEFINANCE(B1, """"price"""", B599), 2, 2) * A599)",
,,,"=(INDEX(GOOGLEFINANCE(B1, """"price"""", B600), 2, 2) * A600)",
,,,"=(INDEX(GOOGLEFINANCE(B1, """"price"""", B601), 2, 2) * A601)",
,,,"=(INDEX(GOOGLEFINANCE(B1, """"price"""", B602), 2, 2) * A602)",
,,,"=(INDEX(GOOGLEFINANCE(B1, """"price"""", B603), 2, 2) * A603)",
,,,"=(INDEX(GOOGLEFINANCE(B1, """"price"""", B604), 2, 2) * A604)",
,,,"=(INDEX(GOOGLEFINANCE(B1, """"price"""", B605), 2, 2) * A605)",
,,,"=(INDEX(GOOGLEFINANCE(B1, """"price"""", B606), 2, 2) * A606)",
,,,"=(INDEX(GOOGLEFINANCE(B1, """"price"""", B607), 2, 2) * A607)",
,,,"=(INDEX(GOOGLEFINANCE(B1, """"price"""", B608), 2, 2) * A608)",
,,,"=(INDEX(GOOGLEFINANCE(B1, """"price"""", B609), 2, 2) * A609)",
,,,"=(INDEX(GOOGLEFINANCE(B1, """"price"""", B610), 2, 2) * A610)",
,,,"=(INDEX(GOOGLEFINANCE(B1, """"price"""", B611), 2, 2) * A611)",
,,,"=(INDEX(GOOGLEFINANCE(B1, """"price"""", B612), 2, 2) * A612)",
,,,"=(INDEX(GOOGLEFINANCE(B1, """"price"""", B613), 2, 2) * A613)",
,,,"=(INDEX(GOOGLEFINANCE(B1, """"price"""", B614), 2, 2) * A614)",
,,,"=(INDEX(GOOGLEFINANCE(B1, """"price"""", B615), 2, 2) * A615)",
,,,"=(INDEX(GOOGLEFINANCE(B1, """"price"""", B616), 2, 2) * A616)",
,,,"=(INDEX(GOOGLEFINANCE(B1, """"price"""", B617), 2, 2) * A617)",
,,,"=(INDEX(GOOGLEFINANCE(B1, """"price"""", B618), 2, 2) * A618)",
,,,"=(INDEX(GOOGLEFINANCE(B1, """"price"""", B619), 2, 2) * A619)",
,,,"=(INDEX(GOOGLEFINANCE(B1, """"price"""", B620), 2, 2) * A620)",
,,,"=(INDEX(GOOGLEFINANCE(B1, """"price"""", B621), 2, 2) * A621)",
,,,"=(INDEX(GOOGLEFINANCE(B1, """"price"""", B622), 2, 2) * A622)",
,,,"=(INDEX(GOOGLEFINANCE(B1, """"price"""", B623), 2, 2) * A623)",
,,,"=(INDEX(GOOGLEFINANCE(B1, """"price"""", B624), 2, 2) * A624)",
,,,"=(INDEX(GOOGLEFINANCE(B1, """"price"""", B625), 2, 2) * A625)",
,,,"=(INDEX(GOOGLEFINANCE(B1, """"price"""", B626), 2, 2) * A626)",
,,,"=(INDEX(GOOGLEFINANCE(B1, """"price"""", B627), 2, 2) * A627)",
,,,"=(INDEX(GOOGLEFINANCE(B1, """"price"""", B628), 2, 2) * A628)",
,,,"=(INDEX(GOOGLEFINANCE(B1, """"price"""", B629), 2, 2) * A629)",
,,,"=(INDEX(GOOGLEFINANCE(B1, """"price"""", B630), 2, 2) * A630)",
,,,"=(INDEX(GOOGLEFINANCE(B1, """"price"""", B631), 2, 2) * A631)",
,,,"=(INDEX(GOOGLEFINANCE(B1, """"price"""", B632), 2, 2) * A632)",
,,,"=(INDEX(GOOGLEFINANCE(B1, """"price"""", B633), 2, 2) * A633)",
,,,"=(INDEX(GOOGLEFINANCE(B1, """"price"""", B634), 2, 2) * A634)",
,,,"=(INDEX(GOOGLEFINANCE(B1, """"price"""", B635), 2, 2) * A635)",
,,,"=(INDEX(GOOGLEFINANCE(B1, """"price"""", B636), 2, 2) * A636)",
,,,"=(INDEX(GOOGLEFINANCE(B1, """"price"""", B637), 2, 2) * A637)",
,,,"=(INDEX(GOOGLEFINANCE(B1, """"price"""", B638), 2, 2) * A638)",
,,,"=(INDEX(GOOGLEFINANCE(B1, """"price"""", B639), 2, 2) * A639)",
,,,"=(INDEX(GOOGLEFINANCE(B1, """"price"""", B640), 2, 2) * A640)",
,,,"=(INDEX(GOOGLEFINANCE(B1, """"price"""", B641), 2, 2) * A641)",
,,,"=(INDEX(GOOGLEFINANCE(B1, """"price"""", B642), 2, 2) * A642)",
,,,"=(INDEX(GOOGLEFINANCE(B1, """"price"""", B643), 2, 2) * A643)",
,,,"=(INDEX(GOOGLEFINANCE(B1, """"price"""", B644), 2, 2) * A644)",
,,,"=(INDEX(GOOGLEFINANCE(B1, """"price"""", B645), 2, 2) * A645)",
,,,"=(INDEX(GOOGLEFINANCE(B1, """"price"""", B646), 2, 2) * A646)",
,,,"=(INDEX(GOOGLEFINANCE(B1, """"price"""", B647), 2, 2) * A647)",
,,,"=(INDEX(GOOGLEFINANCE(B1, """"price"""", B648), 2, 2) * A648)",
,,,"=(INDEX(GOOGLEFINANCE(B1, """"price"""", B649), 2, 2) * A649)",
,,,"=(INDEX(GOOGLEFINANCE(B1, """"price"""", B650), 2, 2) * A650)",
,,,"=(INDEX(GOOGLEFINANCE(B1, """"price"""", B651), 2, 2) * A651)",
,,,"=(INDEX(GOOGLEFINANCE(B1, """"price"""", B652), 2, 2) * A652)",
,,,"=(INDEX(GOOGLEFINANCE(B1, """"price"""", B653), 2, 2) * A653)",
,,,"=(INDEX(GOOGLEFINANCE(B1, """"price"""", B654), 2, 2) * A654)",
,,,"=(INDEX(GOOGLEFINANCE(B1, """"price"""", B655), 2, 2) * A655)",
,,,"=(INDEX(GOOGLEFINANCE(B1, """"price"""", B656), 2, 2) * A656)",
,,,"=(INDEX(GOOGLEFINANCE(B1, """"price"""", B657), 2, 2) * A657)",
,,,"=(INDEX(GOOGLEFINANCE(B1, """"price"""", B658), 2, 2) * A658)",
,,,"=(INDEX(GOOGLEFINANCE(B1, """"price"""", B659), 2, 2) * A659)",
,,,"=(INDEX(GOOGLEFINANCE(B1, """"price"""", B660), 2, 2) * A660)",
,,,"=(INDEX(GOOGLEFINANCE(B1, """"price"""", B661), 2, 2) * A661)",
,,,"=(INDEX(GOOGLEFINANCE(B1, """"price"""", B662), 2, 2) * A662)",
,,,"=(INDEX(GOOGLEFINANCE(B1, """"price"""", B663), 2, 2) * A663)",
,,,"=(INDEX(GOOGLEFINANCE(B1, """"price"""", B664), 2, 2) * A664)",
,,,"=(INDEX(GOOGLEFINANCE(B1, """"price"""", B665), 2, 2) * A665)",
,,,"=(INDEX(GOOGLEFINANCE(B1, """"price"""", B666), 2, 2) * A666)",
,,,"=(INDEX(GOOGLEFINANCE(B1, """"price"""", B667), 2, 2) * A667)",
,,,"=(INDEX(GOOGLEFINANCE(B1, """"price"""", B668), 2, 2) * A668)",
,,,"=(INDEX(GOOGLEFINANCE(B1, """"price"""", B669), 2, 2) * A669)",
,,,"=(INDEX(GOOGLEFINANCE(B1, """"price"""", B670), 2, 2) * A670)",
,,,"=(INDEX(GOOGLEFINANCE(B1, """"price"""", B671), 2, 2) * A671)",
,,,"=(INDEX(GOOGLEFINANCE(B1, """"price"""", B672), 2, 2) * A672)",
,,,"=(INDEX(GOOGLEFINANCE(B1, """"price"""", B673), 2, 2) * A673)",
,,,"=(INDEX(GOOGLEFINANCE(B1, """"price"""", B674), 2, 2) * A674)",
,,,"=(INDEX(GOOGLEFINANCE(B1, """"price"""", B675), 2, 2) * A675)",
,,,"=(INDEX(GOOGLEFINANCE(B1, """"price"""", B676), 2, 2) * A676)",
,,,"=(INDEX(GOOGLEFINANCE(B1, """"price"""", B677), 2, 2) * A677)",
,,,"=(INDEX(GOOGLEFINANCE(B1, """"price"""", B678), 2, 2) * A678)",
,,,"=(INDEX(GOOGLEFINANCE(B1, """"price"""", B679), 2, 2) * A679)",
,,,"=(INDEX(GOOGLEFINANCE(B1, """"price"""", B680), 2, 2) * A680)",
,,,"=(INDEX(GOOGLEFINANCE(B1, """"price"""", B681), 2, 2) * A681)",
,,,"=(INDEX(GOOGLEFINANCE(B1, """"price"""", B682), 2, 2) * A682)",
,,,"=(INDEX(GOOGLEFINANCE(B1, """"price"""", B683), 2, 2) * A683)",
,,,"=(INDEX(GOOGLEFINANCE(B1, """"price"""", B684), 2, 2) * A684)",
,,,"=(INDEX(GOOGLEFINANCE(B1, """"price"""", B685), 2, 2) * A685)",
,,,"=(INDEX(GOOGLEFINANCE(B1, """"price"""", B686), 2, 2) * A686)",
,,,"=(INDEX(GOOGLEFINANCE(B1, """"price"""", B687), 2, 2) * A687)",
,,,"=(INDEX(GOOGLEFINANCE(B1, """"price"""", B688), 2, 2) * A688)",
,,,"=(INDEX(GOOGLEFINANCE(B1, """"price"""", B689), 2, 2) * A689)",
,,,"=(INDEX(GOOGLEFINANCE(B1, """"price"""", B690), 2, 2) * A690)",
,,,"=(INDEX(GOOGLEFINANCE(B1, """"price"""", B691), 2, 2) * A691)",
,,,"=(INDEX(GOOGLEFINANCE(B1, """"price"""", B692), 2, 2) * A692)",
,,,"=(INDEX(GOOGLEFINANCE(B1, """"price"""", B693), 2, 2) * A693)",
,,,"=(INDEX(GOOGLEFINANCE(B1, """"price"""", B694), 2, 2) * A694)",
,,,"=(INDEX(GOOGLEFINANCE(B1, """"price"""", B695), 2, 2) * A695)",
,,,"=(INDEX(GOOGLEFINANCE(B1, """"price"""", B696), 2, 2) * A696)",
,,,"=(INDEX(GOOGLEFINANCE(B1, """"price"""", B697), 2, 2) * A697)",
,,,"=(INDEX(GOOGLEFINANCE(B1, """"price"""", B698), 2, 2) * A698)",
,,,"=(INDEX(GOOGLEFINANCE(B1, """"price"""", B699), 2, 2) * A699)",
,,,"=(INDEX(GOOGLEFINANCE(B1, """"price"""", B700), 2, 2) * A700)",
,,,"=(INDEX(GOOGLEFINANCE(B1, """"price"""", B701), 2, 2) * A701)",
,,,"=(INDEX(GOOGLEFINANCE(B1, """"price"""", B702), 2, 2) * A702)",
,,,"=(INDEX(GOOGLEFINANCE(B1, """"price"""", B703), 2, 2) * A703)",
,,,"=(INDEX(GOOGLEFINANCE(B1, """"price"""", B704), 2, 2) * A704)",
,,,"=(INDEX(GOOGLEFINANCE(B1, """"price"""", B705), 2, 2) * A705)",
,,,"=(INDEX(GOOGLEFINANCE(B1, """"price"""", B706), 2, 2) * A706)",
,,,"=(INDEX(GOOGLEFINANCE(B1, """"price"""", B707), 2, 2) * A707)",
,,,"=(INDEX(GOOGLEFINANCE(B1, """"price"""", B708), 2, 2) * A708)",
,,,"=(INDEX(GOOGLEFINANCE(B1, """"price"""", B709), 2, 2) * A709)",
,,,"=(INDEX(GOOGLEFINANCE(B1, """"price"""", B710), 2, 2) * A710)",
,,,"=(INDEX(GOOGLEFINANCE(B1, """"price"""", B711), 2, 2) * A711)",
,,,"=(INDEX(GOOGLEFINANCE(B1, """"price"""", B712), 2, 2) * A712)",
,,,"=(INDEX(GOOGLEFINANCE(B1, """"price"""", B713), 2, 2) * A713)",
,,,"=(INDEX(GOOGLEFINANCE(B1, """"price"""", B714), 2, 2) * A714)",
,,,"=(INDEX(GOOGLEFINANCE(B1, """"price"""", B715), 2, 2) * A715)",
,,,"=(INDEX(GOOGLEFINANCE(B1, """"price"""", B716), 2, 2) * A716)",
,,,"=(INDEX(GOOGLEFINANCE(B1, """"price"""", B717), 2, 2) * A717)",
,,,"=(INDEX(GOOGLEFINANCE(B1, """"price"""", B718), 2, 2) * A718)",
,,,"=(INDEX(GOOGLEFINANCE(B1, """"price"""", B719), 2, 2) * A719)",
,,,"=(INDEX(GOOGLEFINANCE(B1, """"price"""", B720), 2, 2) * A720)",
,,,"=(INDEX(GOOGLEFINANCE(B1, """"price"""", B721), 2, 2) * A721)",
,,,"=(INDEX(GOOGLEFINANCE(B1, """"price"""", B722), 2, 2) * A722)",
,,,"=(INDEX(GOOGLEFINANCE(B1, """"price"""", B723), 2, 2) * A723)",
,,,"=(INDEX(GOOGLEFINANCE(B1, """"price"""", B724), 2, 2) * A724)",
,,,"=(INDEX(GOOGLEFINANCE(B1, """"price"""", B725), 2, 2) * A725)",
,,,"=(INDEX(GOOGLEFINANCE(B1, """"price"""", B726), 2, 2) * A726)",
,,,"=(INDEX(GOOGLEFINANCE(B1, """"price"""", B727), 2, 2) * A727)",
,,,"=(INDEX(GOOGLEFINANCE(B1, """"price"""", B728), 2, 2) * A728)",
,,,"=(INDEX(GOOGLEFINANCE(B1, """"price"""", B729), 2, 2) * A729)",
,,,"=(INDEX(GOOGLEFINANCE(B1, """"price"""", B730), 2, 2) * A730)",
,,,"=(INDEX(GOOGLEFINANCE(B1, """"price"""", B731), 2, 2) * A731)",
,,,"=(INDEX(GOOGLEFINANCE(B1, """"price"""", B732), 2, 2) * A732)",
,,,"=(INDEX(GOOGLEFINANCE(B1, """"price"""", B733), 2, 2) * A733)",
,,,"=(INDEX(GOOGLEFINANCE(B1, """"price"""", B734), 2, 2) * A734)",
,,,"=(INDEX(GOOGLEFINANCE(B1, """"price"""", B735), 2, 2) * A735)",
,,,"=(INDEX(GOOGLEFINANCE(B1, """"price"""", B736), 2, 2) * A736)",
,,,"=(INDEX(GOOGLEFINANCE(B1, """"price"""", B737), 2, 2) * A737)",
,,,"=(INDEX(GOOGLEFINANCE(B1, """"price"""", B738), 2, 2) * A738)",
,,,"=(INDEX(GOOGLEFINANCE(B1, """"price"""", B739), 2, 2) * A739)",
,,,"=(INDEX(GOOGLEFINANCE(B1, """"price"""", B740), 2, 2) * A740)",
,,,"=(INDEX(GOOGLEFINANCE(B1, """"price"""", B741), 2, 2) * A741)",
,,,"=(INDEX(GOOGLEFINANCE(B1, """"price"""", B742), 2, 2) * A742)",
,,,"=(INDEX(GOOGLEFINANCE(B1, """"price"""", B743), 2, 2) * A743)",
,,,"=(INDEX(GOOGLEFINANCE(B1, """"price"""", B744), 2, 2) * A744)",
,,,"=(INDEX(GOOGLEFINANCE(B1, """"price"""", B745), 2, 2) * A745)",
,,,"=(INDEX(GOOGLEFINANCE(B1, """"price"""", B746), 2, 2) * A746)",
,,,"=(INDEX(GOOGLEFINANCE(B1, """"price"""", B747), 2, 2) * A747)",
,,,"=(INDEX(GOOGLEFINANCE(B1, """"price"""", B748), 2, 2) * A748)",
,,,"=(INDEX(GOOGLEFINANCE(B1, """"price"""", B749), 2, 2) * A749)",
,,,"=(INDEX(GOOGLEFINANCE(B1, """"price"""", B750), 2, 2) * A750)",
,,,"=(INDEX(GOOGLEFINANCE(B1, """"price"""", B751), 2, 2) * A751)",
,,,"=(INDEX(GOOGLEFINANCE(B1, """"price"""", B752), 2, 2) * A752)",
,,,"=(INDEX(GOOGLEFINANCE(B1, """"price"""", B753), 2, 2) * A753)",
,,,"=(INDEX(GOOGLEFINANCE(B1, """"price"""", B754), 2, 2) * A754)",
,,,"=(INDEX(GOOGLEFINANCE(B1, """"price"""", B755), 2, 2) * A755)",
,,,"=(INDEX(GOOGLEFINANCE(B1, """"price"""", B756), 2, 2) * A756)",
,,,"=(INDEX(GOOGLEFINANCE(B1, """"price"""", B757), 2, 2) * A757)",
,,,"=(INDEX(GOOGLEFINANCE(B1, """"price"""", B758), 2, 2) * A758)",
,,,"=(INDEX(GOOGLEFINANCE(B1, """"price"""", B759), 2, 2) * A759)",
,,,"=(INDEX(GOOGLEFINANCE(B1, """"price"""", B760), 2, 2) * A760)",
,,,"=(INDEX(GOOGLEFINANCE(B1, """"price"""", B761), 2, 2) * A761)",
,,,"=(INDEX(GOOGLEFINANCE(B1, """"price"""", B762), 2, 2) * A762)",
,,,"=(INDEX(GOOGLEFINANCE(B1, """"price"""", B763), 2, 2) * A763)",
,,,"=(INDEX(GOOGLEFINANCE(B1, """"price"""", B764), 2, 2) * A764)",
,,,"=(INDEX(GOOGLEFINANCE(B1, """"price"""", B765), 2, 2) * A765)",
,,,"=(INDEX(GOOGLEFINANCE(B1, """"price"""", B766), 2, 2) * A766)",
,,,"=(INDEX(GOOGLEFINANCE(B1, """"price"""", B767), 2, 2) * A767)",
,,,"=(INDEX(GOOGLEFINANCE(B1, """"price"""", B768), 2, 2) * A768)",
,,,"=(INDEX(GOOGLEFINANCE(B1, """"price"""", B769), 2, 2) * A769)",
,,,"=(INDEX(GOOGLEFINANCE(B1, """"price"""", B770), 2, 2) * A770)",
,,,"=(INDEX(GOOGLEFINANCE(B1, """"price"""", B771), 2, 2) * A771)",
,,,"=(INDEX(GOOGLEFINANCE(B1, """"price"""", B772), 2, 2) * A772)",
,,,"=(INDEX(GOOGLEFINANCE(B1, """"price"""", B773), 2, 2) * A773)",
,,,"=(INDEX(GOOGLEFINANCE(B1, """"price"""", B774), 2, 2) * A774)",
,,,"=(INDEX(GOOGLEFINANCE(B1, """"price"""", B775), 2, 2) * A775)",
,,,"=(INDEX(GOOGLEFINANCE(B1, """"price"""", B776), 2, 2) * A776)",
,,,"=(INDEX(GOOGLEFINANCE(B1, """"price"""", B777), 2, 2) * A777)",
,,,"=(INDEX(GOOGLEFINANCE(B1, """"price"""", B778), 2, 2) * A778)",
,,,"=(INDEX(GOOGLEFINANCE(B1, """"price"""", B779), 2, 2) * A779)",
,,,"=(INDEX(GOOGLEFINANCE(B1, """"price"""", B780), 2, 2) * A780)",
,,,"=(INDEX(GOOGLEFINANCE(B1, """"price"""", B781), 2, 2) * A781)",
,,,"=(INDEX(GOOGLEFINANCE(B1, """"price"""", B782), 2, 2) * A782)",
,,,"=(INDEX(GOOGLEFINANCE(B1, """"price"""", B783), 2, 2) * A783)",
,,,"=(INDEX(GOOGLEFINANCE(B1, """"price"""", B784), 2, 2) * A784)",
,,,"=(INDEX(GOOGLEFINANCE(B1, """"price"""", B785), 2, 2) * A785)",
,,,"=(INDEX(GOOGLEFINANCE(B1, """"price"""", B786), 2, 2) * A786)",
,,,"=(INDEX(GOOGLEFINANCE(B1, """"price"""", B787), 2, 2) * A787)",
,,,"=(INDEX(GOOGLEFINANCE(B1, """"price"""", B788), 2, 2) * A788)",
,,,"=(INDEX(GOOGLEFINANCE(B1, """"price"""", B789), 2, 2) * A789)",
,,,"=(INDEX(GOOGLEFINANCE(B1, """"price"""", B790), 2, 2) * A790)",
,,,"=(INDEX(GOOGLEFINANCE(B1, """"price"""", B791), 2, 2) * A791)",
,,,"=(INDEX(GOOGLEFINANCE(B1, """"price"""", B792), 2, 2) * A792)",
,,,"=(INDEX(GOOGLEFINANCE(B1, """"price"""", B793), 2, 2) * A793)",
,,,"=(INDEX(GOOGLEFINANCE(B1, """"price"""", B794), 2, 2) * A794)",
,,,"=(INDEX(GOOGLEFINANCE(B1, """"price"""", B795), 2, 2) * A795)",
,,,"=(INDEX(GOOGLEFINANCE(B1, """"price"""", B796), 2, 2) * A796)",
,,,"=(INDEX(GOOGLEFINANCE(B1, """"price"""", B797), 2, 2) * A797)",
,,,"=(INDEX(GOOGLEFINANCE(B1, """"price"""", B798), 2, 2) * A798)",
,,,"=(INDEX(GOOGLEFINANCE(B1, """"price"""", B799), 2, 2) * A799)",
,,,"=(INDEX(GOOGLEFINANCE(B1, """"price"""", B800), 2, 2) * A800)",
,,,"=(INDEX(GOOGLEFINANCE(B1, """"price"""", B801), 2, 2) * A801)",
,,,"=(INDEX(GOOGLEFINANCE(B1, """"price"""", B802), 2, 2) * A802)",
,,,"=(INDEX(GOOGLEFINANCE(B1, """"price"""", B803), 2, 2) * A803)",
,,,"=(INDEX(GOOGLEFINANCE(B1, """"price"""", B804), 2, 2) * A804)",
,,,"=(INDEX(GOOGLEFINANCE(B1, """"price"""", B805), 2, 2) * A805)",
,,,"=(INDEX(GOOGLEFINANCE(B1, """"price"""", B806), 2, 2) * A806)",
,,,"=(INDEX(GOOGLEFINANCE(B1, """"price"""", B807), 2, 2) * A807)",
,,,"=(INDEX(GOOGLEFINANCE(B1, """"price"""", B808), 2, 2) * A808)",
,,,"=(INDEX(GOOGLEFINANCE(B1, """"price"""", B809), 2, 2) * A809)",
,,,"=(INDEX(GOOGLEFINANCE(B1, """"price"""", B810), 2, 2) * A810)",
,,,"=(INDEX(GOOGLEFINANCE(B1, """"price"""", B811), 2, 2) * A811)",
,,,"=(INDEX(GOOGLEFINANCE(B1, """"price"""", B812), 2, 2) * A812)",
,,,"=(INDEX(GOOGLEFINANCE(B1, """"price"""", B813), 2, 2) * A813)",
,,,"=(INDEX(GOOGLEFINANCE(B1, """"price"""", B814), 2, 2) * A814)",
,,,"=(INDEX(GOOGLEFINANCE(B1, """"price"""", B815), 2, 2) * A815)",
,,,"=(INDEX(GOOGLEFINANCE(B1, """"price"""", B816), 2, 2) * A816)",
,,,"=(INDEX(GOOGLEFINANCE(B1, """"price"""", B817), 2, 2) * A817)",
,,,"=(INDEX(GOOGLEFINANCE(B1, """"price"""", B818), 2, 2) * A818)",
,,,"=(INDEX(GOOGLEFINANCE(B1, """"price"""", B819), 2, 2) * A819)",
,,,"=(INDEX(GOOGLEFINANCE(B1, """"price"""", B820), 2, 2) * A820)",
,,,"=(INDEX(GOOGLEFINANCE(B1, """"price"""", B821), 2, 2) * A821)",
,,,"=(INDEX(GOOGLEFINANCE(B1, """"price"""", B822), 2, 2) * A822)",
,,,"=(INDEX(GOOGLEFINANCE(B1, """"price"""", B823), 2, 2) * A823)",
,,,"=(INDEX(GOOGLEFINANCE(B1, """"price"""", B824), 2, 2) * A824)",
,,,"=(INDEX(GOOGLEFINANCE(B1, """"price"""", B825), 2, 2) * A825)",
,,,"=(INDEX(GOOGLEFINANCE(B1, """"price"""", B826), 2, 2) * A826)",
,,,"=(INDEX(GOOGLEFINANCE(B1, """"price"""", B827), 2, 2) * A827)",
,,,"=(INDEX(GOOGLEFINANCE(B1, """"price"""", B828), 2, 2) * A828)",
,,,"=(INDEX(GOOGLEFINANCE(B1, """"price"""", B829), 2, 2) * A829)",
,,,"=(INDEX(GOOGLEFINANCE(B1, """"price"""", B830), 2, 2) * A830)",
,,,"=(INDEX(GOOGLEFINANCE(B1, """"price"""", B831), 2, 2) * A831)",
,,,"=(INDEX(GOOGLEFINANCE(B1, """"price"""", B832), 2, 2) * A832)",
,,,"=(INDEX(GOOGLEFINANCE(B1, """"price"""", B833), 2, 2) * A833)",
,,,"=(INDEX(GOOGLEFINANCE(B1, """"price"""", B834), 2, 2) * A834)",
,,,"=(INDEX(GOOGLEFINANCE(B1, """"price"""", B835), 2, 2) * A835)",
,,,"=(INDEX(GOOGLEFINANCE(B1, """"price"""", B836), 2, 2) * A836)",
,,,"=(INDEX(GOOGLEFINANCE(B1, """"price"""", B837), 2, 2) * A837)",
,,,"=(INDEX(GOOGLEFINANCE(B1, """"price"""", B838), 2, 2) * A838)",
,,,"=(INDEX(GOOGLEFINANCE(B1, """"price"""", B839), 2, 2) * A839)",
,,,"=(INDEX(GOOGLEFINANCE(B1, """"price"""", B840), 2, 2) * A840)",
,,,"=(INDEX(GOOGLEFINANCE(B1, """"price"""", B841), 2, 2) * A841)",
,,,"=(INDEX(GOOGLEFINANCE(B1, """"price"""", B842), 2, 2) * A842)",
,,,"=(INDEX(GOOGLEFINANCE(B1, """"price"""", B843), 2, 2) * A843)",
,,,"=(INDEX(GOOGLEFINANCE(B1, """"price"""", B844), 2, 2) * A844)",
,,,"=(INDEX(GOOGLEFINANCE(B1, """"price"""", B845), 2, 2) * A845)",
,,,"=(INDEX(GOOGLEFINANCE(B1, """"price"""", B846), 2, 2) * A846)",
,,,"=(INDEX(GOOGLEFINANCE(B1, """"price"""", B847), 2, 2) * A847)",
,,,"=(INDEX(GOOGLEFINANCE(B1, """"price"""", B848), 2, 2) * A848)",
,,,"=(INDEX(GOOGLEFINANCE(B1, """"price"""", B849), 2, 2) * A849)",
,,,"=(INDEX(GOOGLEFINANCE(B1, """"price"""", B850), 2, 2) * A850)",
,,,"=(INDEX(GOOGLEFINANCE(B1, """"price"""", B851), 2, 2) * A851)",
,,,"=(INDEX(GOOGLEFINANCE(B1, """"price"""", B852), 2, 2) * A852)",
,,,"=(INDEX(GOOGLEFINANCE(B1, """"price"""", B853), 2, 2) * A853)",
,,,"=(INDEX(GOOGLEFINANCE(B1, """"price"""", B854), 2, 2) * A854)",
,,,"=(INDEX(GOOGLEFINANCE(B1, """"price"""", B855), 2, 2) * A855)",
,,,"=(INDEX(GOOGLEFINANCE(B1, """"price"""", B856), 2, 2) * A856)",
,,,"=(INDEX(GOOGLEFINANCE(B1, """"price"""", B857), 2, 2) * A857)",
,,,"=(INDEX(GOOGLEFINANCE(B1, """"price"""", B858), 2, 2) * A858)",
,,,"=(INDEX(GOOGLEFINANCE(B1, """"price"""", B859), 2, 2) * A859)",
,,,"=(INDEX(GOOGLEFINANCE(B1, """"price"""", B860), 2, 2) * A860)",
,,,"=(INDEX(GOOGLEFINANCE(B1, """"price"""", B861), 2, 2) * A861)",
,,,"=(INDEX(GOOGLEFINANCE(B1, """"price"""", B862), 2, 2) * A862)",
,,,"=(INDEX(GOOGLEFINANCE(B1, """"price"""", B863), 2, 2) * A863)",
,,,"=(INDEX(GOOGLEFINANCE(B1, """"price"""", B864), 2, 2) * A864)",
,,,"=(INDEX(GOOGLEFINANCE(B1, """"price"""", B865), 2, 2) * A865)",
,,,"=(INDEX(GOOGLEFINANCE(B1, """"price"""", B866), 2, 2) * A866)",
,,,"=(INDEX(GOOGLEFINANCE(B1, """"price"""", B867), 2, 2) * A867)",
,,,"=(INDEX(GOOGLEFINANCE(B1, """"price"""", B868), 2, 2) * A868)",
,,,"=(INDEX(GOOGLEFINANCE(B1, """"price"""", B869), 2, 2) * A869)",
,,,"=(INDEX(GOOGLEFINANCE(B1, """"price"""", B870), 2, 2) * A870)",
,,,"=(INDEX(GOOGLEFINANCE(B1, """"price"""", B871), 2, 2) * A871)",
,,,"=(INDEX(GOOGLEFINANCE(B1, """"price"""", B872), 2, 2) * A872)",
,,,"=(INDEX(GOOGLEFINANCE(B1, """"price"""", B873), 2, 2) * A873)",
,,,"=(INDEX(GOOGLEFINANCE(B1, """"price"""", B874), 2, 2) * A874)",
,,,"=(INDEX(GOOGLEFINANCE(B1, """"price"""", B875), 2, 2) * A875)",
,,,"=(INDEX(GOOGLEFINANCE(B1, """"price"""", B876), 2, 2) * A876)",
,,,"=(INDEX(GOOGLEFINANCE(B1, """"price"""", B877), 2, 2) * A877)",
,,,"=(INDEX(GOOGLEFINANCE(B1, """"price"""", B878), 2, 2) * A878)",
,,,"=(INDEX(GOOGLEFINANCE(B1, """"price"""", B879), 2, 2) * A879)",
,,,"=(INDEX(GOOGLEFINANCE(B1, """"price"""", B880), 2, 2) * A880)",
,,,"=(INDEX(GOOGLEFINANCE(B1, """"price"""", B881), 2, 2) * A881)",
,,,"=(INDEX(GOOGLEFINANCE(B1, """"price"""", B882), 2, 2) * A882)",
,,,"=(INDEX(GOOGLEFINANCE(B1, """"price"""", B883), 2, 2) * A883)",
,,,"=(INDEX(GOOGLEFINANCE(B1, """"price"""", B884), 2, 2) * A884)",
,,,"=(INDEX(GOOGLEFINANCE(B1, """"price"""", B885), 2, 2) * A885)",
,,,"=(INDEX(GOOGLEFINANCE(B1, """"price"""", B886), 2, 2) * A886)",
,,,"=(INDEX(GOOGLEFINANCE(B1, """"price"""", B887), 2, 2) * A887)",
,,,"=(INDEX(GOOGLEFINANCE(B1, """"price"""", B888), 2, 2) * A888)",
,,,"=(INDEX(GOOGLEFINANCE(B1, """"price"""", B889), 2, 2) * A889)",
,,,"=(INDEX(GOOGLEFINANCE(B1, """"price"""", B890), 2, 2) * A890)",
,,,"=(INDEX(GOOGLEFINANCE(B1, """"price"""", B891), 2, 2) * A891)",
,,,"=(INDEX(GOOGLEFINANCE(B1, """"price"""", B892), 2, 2) * A892)",
,,,"=(INDEX(GOOGLEFINANCE(B1, """"price"""", B893), 2, 2) * A893)",
,,,"=(INDEX(GOOGLEFINANCE(B1, """"price"""", B894), 2, 2) * A894)",
,,,"=(INDEX(GOOGLEFINANCE(B1, """"price"""", B895), 2, 2) * A895)",
,,,"=(INDEX(GOOGLEFINANCE(B1, """"price"""", B896), 2, 2) * A896)",
,,,"=(INDEX(GOOGLEFINANCE(B1, """"price"""", B897), 2, 2) * A897)",
,,,"=(INDEX(GOOGLEFINANCE(B1, """"price"""", B898), 2, 2) * A898)",
,,,"=(INDEX(GOOGLEFINANCE(B1, """"price"""", B899), 2, 2) * A899)",
,,,"=(INDEX(GOOGLEFINANCE(B1, """"price"""", B900), 2, 2) * A900)",
,,,"=(INDEX(GOOGLEFINANCE(B1, """"price"""", B901), 2, 2) * A901)",
,,,"=(INDEX(GOOGLEFINANCE(B1, """"price"""", B902), 2, 2) * A902)",
,,,"=(INDEX(GOOGLEFINANCE(B1, """"price"""", B903), 2, 2) * A903)",
,,,"=(INDEX(GOOGLEFINANCE(B1, """"price"""", B904), 2, 2) * A904)",
,,,"=(INDEX(GOOGLEFINANCE(B1, """"price"""", B905), 2, 2) * A905)",
,,,"=(INDEX(GOOGLEFINANCE(B1, """"price"""", B906), 2, 2) * A906)",
,,,"=(INDEX(GOOGLEFINANCE(B1, """"price"""", B907), 2, 2) * A907)",
,,,"=(INDEX(GOOGLEFINANCE(B1, """"price"""", B908), 2, 2) * A908)",
,,,"=(INDEX(GOOGLEFINANCE(B1, """"price"""", B909), 2, 2) * A909)",
,,,"=(INDEX(GOOGLEFINANCE(B1, """"price"""", B910), 2, 2) * A910)",
,,,"=(INDEX(GOOGLEFINANCE(B1, """"price"""", B911), 2, 2) * A911)",
,,,"=(INDEX(GOOGLEFINANCE(B1, """"price"""", B912), 2, 2) * A912)",
,,,"=(INDEX(GOOGLEFINANCE(B1, """"price"""", B913), 2, 2) * A913)",
,,,"=(INDEX(GOOGLEFINANCE(B1, """"price"""", B914), 2, 2) * A914)",
,,,"=(INDEX(GOOGLEFINANCE(B1, """"price"""", B915), 2, 2) * A915)",
,,,"=(INDEX(GOOGLEFINANCE(B1, """"price"""", B916), 2, 2) * A916)",
,,,"=(INDEX(GOOGLEFINANCE(B1, """"price"""", B917), 2, 2) * A917)",
,,,"=(INDEX(GOOGLEFINANCE(B1, """"price"""", B918), 2, 2) * A918)",
,,,"=(INDEX(GOOGLEFINANCE(B1, """"price"""", B919), 2, 2) * A919)",
,,,"=(INDEX(GOOGLEFINANCE(B1, """"price"""", B920), 2, 2) * A920)",
,,,"=(INDEX(GOOGLEFINANCE(B1, """"price"""", B921), 2, 2) * A921)",
,,,"=(INDEX(GOOGLEFINANCE(B1, """"price"""", B922), 2, 2) * A922)",
,,,"=(INDEX(GOOGLEFINANCE(B1, """"price"""", B923), 2, 2) * A923)",
,,,"=(INDEX(GOOGLEFINANCE(B1, """"price"""", B924), 2, 2) * A924)",
,,,"=(INDEX(GOOGLEFINANCE(B1, """"price"""", B925), 2, 2) * A925)",
,,,"=(INDEX(GOOGLEFINANCE(B1, """"price"""", B926), 2, 2) * A926)",
,,,"=(INDEX(GOOGLEFINANCE(B1, """"price"""", B927), 2, 2) * A927)",
,,,"=(INDEX(GOOGLEFINANCE(B1, """"price"""", B928), 2, 2) * A928)",
,,,"=(INDEX(GOOGLEFINANCE(B1, """"price"""", B929), 2, 2) * A929)",
,,,"=(INDEX(GOOGLEFINANCE(B1, """"price"""", B930), 2, 2) * A930)",
,,,"=(INDEX(GOOGLEFINANCE(B1, """"price"""", B931), 2, 2) * A931)",
,,,"=(INDEX(GOOGLEFINANCE(B1, """"price"""", B932), 2, 2) * A932)",
,,,"=(INDEX(GOOGLEFINANCE(B1, """"price"""", B933), 2, 2) * A933)",
,,,"=(INDEX(GOOGLEFINANCE(B1, """"price"""", B934), 2, 2) * A934)",
,,,"=(INDEX(GOOGLEFINANCE(B1, """"price"""", B935), 2, 2) * A935)",
,,,"=(INDEX(GOOGLEFINANCE(B1, """"price"""", B936), 2, 2) * A936)",
,,,"=(INDEX(GOOGLEFINANCE(B1, """"price"""", B937), 2, 2) * A937)",
,,,"=(INDEX(GOOGLEFINANCE(B1, """"price"""", B938), 2, 2) * A938)",
,,,"=(INDEX(GOOGLEFINANCE(B1, """"price"""", B939), 2, 2) * A939)",
,,,"=(INDEX(GOOGLEFINANCE(B1, """"price"""", B940), 2, 2) * A940)",
,,,"=(INDEX(GOOGLEFINANCE(B1, """"price"""", B941), 2, 2) * A941)",
,,,"=(INDEX(GOOGLEFINANCE(B1, """"price"""", B942), 2, 2) * A942)",
,,,"=(INDEX(GOOGLEFINANCE(B1, """"price"""", B943), 2, 2) * A943)",
,,,"=(INDEX(GOOGLEFINANCE(B1, """"price"""", B944), 2, 2) * A944)",
,,,"=(INDEX(GOOGLEFINANCE(B1, """"price"""", B945), 2, 2) * A945)",
,,,"=(INDEX(GOOGLEFINANCE(B1, """"price"""", B946), 2, 2) * A946)",
,,,"=(INDEX(GOOGLEFINANCE(B1, """"price"""", B947), 2, 2) * A947)",
,,,"=(INDEX(GOOGLEFINANCE(B1, """"price"""", B948), 2, 2) * A948)",
,,,"=(INDEX(GOOGLEFINANCE(B1, """"price"""", B949), 2, 2) * A949)",
,,,"=(INDEX(GOOGLEFINANCE(B1, """"price"""", B950), 2, 2) * A950)",
,,,"=(INDEX(GOOGLEFINANCE(B1, """"price"""", B951), 2, 2) * A951)",
,,,"=(INDEX(GOOGLEFINANCE(B1, """"price"""", B952), 2, 2) * A952)",
,,,"=(INDEX(GOOGLEFINANCE(B1, """"price"""", B953), 2, 2) * A953)",
,,,"=(INDEX(GOOGLEFINANCE(B1, """"price"""", B954), 2, 2) * A954)",
,,,"=(INDEX(GOOGLEFINANCE(B1, """"price"""", B955), 2, 2) * A955)",
,,,"=(INDEX(GOOGLEFINANCE(B1, """"price"""", B956), 2, 2) * A956)",
,,,"=(INDEX(GOOGLEFINANCE(B1, """"price"""", B957), 2, 2) * A957)",
,,,"=(INDEX(GOOGLEFINANCE(B1, """"price"""", B958), 2, 2) * A958)",
,,,"=(INDEX(GOOGLEFINANCE(B1, """"price"""", B959), 2, 2) * A959)",
,,,"=(INDEX(GOOGLEFINANCE(B1, """"price"""", B960), 2, 2) * A960)",
,,,"=(INDEX(GOOGLEFINANCE(B1, """"price"""", B961), 2, 2) * A961)",
,,,"=(INDEX(GOOGLEFINANCE(B1, """"price"""", B962), 2, 2) * A962)",
,,,"=(INDEX(GOOGLEFINANCE(B1, """"price"""", B963), 2, 2) * A963)",
,,,"=(INDEX(GOOGLEFINANCE(B1, """"price"""", B964), 2, 2) * A964)",
,,,"=(INDEX(GOOGLEFINANCE(B1, """"price"""", B965), 2, 2) * A965)",
,,,"=(INDEX(GOOGLEFINANCE(B1, """"price"""", B966), 2, 2) * A966)",
,,,"=(INDEX(GOOGLEFINANCE(B1, """"price"""", B967), 2, 2) * A967)",
,,,"=(INDEX(GOOGLEFINANCE(B1, """"price"""", B968), 2, 2) * A968)",
,,,"=(INDEX(GOOGLEFINANCE(B1, """"price"""", B969), 2, 2) * A969)",
,,,"=(INDEX(GOOGLEFINANCE(B1, """"price"""", B970), 2, 2) * A970)",
,,,"=(INDEX(GOOGLEFINANCE(B1, """"price"""", B971), 2, 2) * A971)",
,,,"=(INDEX(GOOGLEFINANCE(B1, """"price"""", B972), 2, 2) * A972)",
,,,"=(INDEX(GOOGLEFINANCE(B1, """"price"""", B973), 2, 2) * A973)",
,,,"=(INDEX(GOOGLEFINANCE(B1, """"price"""", B974), 2, 2) * A974)",
,,,"=(INDEX(GOOGLEFINANCE(B1, """"price"""", B975), 2, 2) * A975)",
,,,"=(INDEX(GOOGLEFINANCE(B1, """"price"""", B976), 2, 2) * A976)",
,,,"=(INDEX(GOOGLEFINANCE(B1, """"price"""", B977), 2, 2) * A977)",
,,,"=(INDEX(GOOGLEFINANCE(B1, """"price"""", B978), 2, 2) * A978)",
,,,"=(INDEX(GOOGLEFINANCE(B1, """"price"""", B979), 2, 2) * A979)",
,,,"=(INDEX(GOOGLEFINANCE(B1, """"price"""", B980), 2, 2) * A980)",
,,,"=(INDEX(GOOGLEFINANCE(B1, """"price"""", B981), 2, 2) * A981)",
,,,"=(INDEX(GOOGLEFINANCE(B1, """"price"""", B982), 2, 2) * A982)",
,,,"=(INDEX(GOOGLEFINANCE(B1, """"price"""", B983), 2, 2) * A983)",
,,,"=(INDEX(GOOGLEFINANCE(B1, """"price"""", B984), 2, 2) * A984)",
,,,"=(INDEX(GOOGLEFINANCE(B1, """"price"""", B985), 2, 2) * A985)",
,,,"=(INDEX(GOOGLEFINANCE(B1, """"price"""", B986), 2, 2) * A986)",
,,,"=(INDEX(GOOGLEFINANCE(B1, """"price"""", B987), 2, 2) * A987)",
,,,"=(INDEX(GOOGLEFINANCE(B1, """"price"""", B988), 2, 2) * A988)",
,,,"=(INDEX(GOOGLEFINANCE(B1, """"price"""", B989), 2, 2) * A989)",
,,,"=(INDEX(GOOGLEFINANCE(B1, """"price"""", B990), 2, 2) * A990)",
,,,"=(INDEX(GOOGLEFINANCE(B1, """"price"""", B991), 2, 2) * A991)",
,,,"=(INDEX(GOOGLEFINANCE(B1, """"price"""", B992), 2, 2) * A992)",
,,,"=(INDEX(GOOGLEFINANCE(B1, """"price"""", B993), 2, 2) * A993)",
,,,"=(INDEX(GOOGLEFINANCE(B1, """"price"""", B994), 2, 2) * A994)",
,,,"=(INDEX(GOOGLEFINANCE(B1, """"price"""", B995), 2, 2) * A995)",
,,,"=(INDEX(GOOGLEFINANCE(B1, """"price"""", B996), 2, 2) * A996)",
,,,"=(INDEX(GOOGLEFINANCE(B1, """"price"""", B997), 2, 2) * A997)",
,,,"=(INDEX(GOOGLEFINANCE(B1, """"price"""", B998), 2, 2) * A998)",
,,,"=(INDEX(GOOGLEFINANCE(B1, """"price"""", B999), 2, 2) * A999)",
,,,"=(INDEX(GOOGLEFINANCE(B1, """"price"""", B1000), 2, 2) * A1000)",
